ALK_ADJ;West Alaskan;West Alaskan;West Alaskan;;;;;;;;;;;x;
ALK;West Alaska;West Alaska;West Alaska;;;;;;;;;;;x;
ALK_proletarian_dictatorship;West Alaska;West Alaska;West Alaska;;;;;;;;;;;x;
ALK_presidential_dictatorship;West Alaska;West Alaska;West Alaska;;;;;;;;;;;x;
ALK_bourgeois_dictatorship;West Alaska;West Alaska;West Alaska;;;;;;;;;;;x;
ALK_fascist_dictatorship;West Alaska;West Alaska;West Alaska;;;;;;;;;;;x;
ALK_absolute_monarchy;West Alaska;West Alaska;West Alaska;;;;;;;;;;;x;
ALK_prussian_constitutionalism;West Alaska;West Alaska;West Alaska;;;;;;;;;;;x;
ALK_hms_government;West Alaska;West Alaska;West Alaska;;;;;;;;;;;x;
ALK_democracy;West Alaska;West Alaska;West Alaska;;;;;;;;;;;x;
ALK_conservative_92;Conservatives;Conservatives;Conservatives;;;;;;;;;;;x;
ALK_liberal_79;Liberals;Liberals;Liberals;;;;;;;;;;;x;
ALK_liberal_87;National Liberals;National Liberals;National Liberals;;;;;;;;;;;x;
ALK_socialist_85;Socialists;Socialists;Socialists;;;;;;;;;;;x;
ALK_socialist_99;National Socialists;National Socialists;National Socialists;;;;;;;;;;;x;
ALK_reactionary_84;Monarchy Leadership;Monarchy Leadership;Monarchy Leadership;;;;;;;;;;;x;
ALK_anarcho_liberal_93;Radical Liberals;Radical Liberals;Radical Liberals;;;;;;;;;;;x;
ALK_communist_86;Communists;Communists;Communists;;;;;;;;;;;x;
ALK_fascist_72;Fascists;Fascists;Fascists;;;;;;;;;;;x;
ANG_ADJ;Angolan;Angolan;Angolan;;;;;;;;;;;x;
ANG;Angola;Angola;Angola;;;;;;;;;;;x;
ANG_proletarian_dictatorship;Angola;Angola;Angola;;;;;;;;;;;x;
ANG_presidential_dictatorship;Angola;Angola;Angola;;;;;;;;;;;x;
ANG_bourgeois_dictatorship;Angola;Angola;Angola;;;;;;;;;;;x;
ANG_fascist_dictatorship;Angola;Angola;Angola;;;;;;;;;;;x;
ANG_absolute_monarchy;Angola;Angola;Angola;;;;;;;;;;;x;
ANG_prussian_constitutionalism;Angola;Angola;Angola;;;;;;;;;;;x;
ANG_hms_government;Angola;Angola;Angola;;;;;;;;;;;x;
ANG_democracy;Angola;Angola;Angola;;;;;;;;;;;x;
ANG_conservative_92;Conservatives;Conservatives;Conservatives;;;;;;;;;;;x;
ANG_liberal_79;Liberals;Liberals;Liberals;;;;;;;;;;;x;
ANG_liberal_87;National Liberals;National Liberals;National Liberals;;;;;;;;;;;x;
ANG_socialist_85;Socialists;Socialists;Socialists;;;;;;;;;;;x;
ANG_socialist_99;National Socialists;National Socialists;National Socialists;;;;;;;;;;;x;
ANG_reactionary_84;Monarchy Leadership;Monarchy Leadership;Monarchy Leadership;;;;;;;;;;;x;
ANG_anarcho_liberal_93;Radical Liberals;Radical Liberals;Radical Liberals;;;;;;;;;;;x;
ANG_communist_86;Communists;Communists;Communists;;;;;;;;;;;x;
ANG_fascist_72;Fascists;Fascists;Fascists;;;;;;;;;;;x;
BEN_ADJ;Bengali;Bengali;Bengali;;;;;;;;;;;x;
BEN;Bengal;Bengal;Bengal;;;;;;;;;;;x;
BEN_conservative_92;Conservatives;Conservatives;Conservatives;;;;;;;;;;;x;
BEN_liberal_79;Liberals;Liberals;Liberals;;;;;;;;;;;x;
BEN_liberal_87;National Liberals;National Liberals;National Liberals;;;;;;;;;;;x;
BEN_socialist_85;Socialists;Socialists;Socialists;;;;;;;;;;;x;
BEN_socialist_99;National Socialists;National Socialists;National Socialists;;;;;;;;;;;x;
BEN_reactionary_84;Monarchy Leadership;Monarchy Leadership;Monarchy Leadership;;;;;;;;;;;x;
BEN_anarcho_liberal_93;Radical Liberals;Radical Liberals;Radical Liberals;;;;;;;;;;;x;
BEN_communist_86;Communists;Communists;Communists;;;;;;;;;;;x;
BEN_fascist_72;Fascists;Fascists;Fascists;;;;;;;;;;;x;
BFA_ADJ;Burkina;Burkina;Burkina;;;;;;;;;;;x;
BFA;Sakoto;Sakoto;Sakoto;;;;;;;;;;;x;
BFA_proletarian_dictatorship;Sakoto;Sakoto;Sakoto;;;;;;;;;;;x;
BFA_presidential_dictatorship;Sakoto;Sakoto;Sakoto;;;;;;;;;;;x;
BFA_bourgeois_dictatorship;Sakoto;Sakoto;Sakoto;;;;;;;;;;;x;
BFA_fascist_dictatorship;Sakoto;Sakoto;Sakoto;;;;;;;;;;;x;
BFA_absolute_monarchy;Sakoto;Sakoto;Sakoto;;;;;;;;;;;x;
BFA_prussian_constitutionalism;Sakoto;Sakoto;Sakoto;;;;;;;;;;;x;
BFA_hms_government;Sakoto;Sakoto;Sakoto;;;;;;;;;;;x;
BFA_democracy;Sakoto;Sakoto;Sakoto;;;;;;;;;;;x;
BFA_conservative_92;Conservatives;Conservatives;Conservatives;;;;;;;;;;;x;
BFA_liberal_79;Liberals;Liberals;Liberals;;;;;;;;;;;x;
BFA_liberal_87;National Liberals;National Liberals;National Liberals;;;;;;;;;;;x;
BFA_socialist_85;Socialists;Socialists;Socialists;;;;;;;;;;;x;
BFA_socialist_99;National Socialists;National Socialists;National Socialists;;;;;;;;;;;x;
BFA_reactionary_84;Monarchy Leadership;Monarchy Leadership;Monarchy Leadership;;;;;;;;;;;x;
BFA_anarcho_liberal_93;Radical Liberals;Radical Liberals;Radical Liberals;;;;;;;;;;;x;
BFA_communist_86;Communists;Communists;Communists;;;;;;;;;;;x;
BFA_fascist_72;Fascists;Fascists;Fascists;;;;;;;;;;;x;
BGE_ADJ;German;German;German;;;;;;;;;;;x;
BGE;Groﬂgermanisches Reich Von Bormann;Groﬂgermanisches Reich Von Bormann;Groﬂgermanisches Reich Von Bormann;;;;;;;;;;;x;
BGE_proletarian_dictatorship;Groﬂgermanisches Reich Von Bormann;Groﬂgermanisches Reich Von Bormann;Groﬂgermanisches Reich Von Bormann;;;;;;;;;;;x;
BGE_presidential_dictatorship;Groﬂgermanisches Reich Von Bormann;Groﬂgermanisches Reich Von Bormann;Groﬂgermanisches Reich Von Bormann;;;;;;;;;;;x;
BGE_bourgeois_dictatorship;Groﬂgermanisches Reich Von Bormann;Groﬂgermanisches Reich Von Bormann;Groﬂgermanisches Reich Von Bormann;;;;;;;;;;;x;
BGE_fascist_dictatorship;Groﬂgermanisches Reich Von Bormann;Groﬂgermanisches Reich Von Bormann;Groﬂgermanisches Reich Von Bormann;;;;;;;;;;;x;
BGE_absolute_monarchy;Groﬂgermanisches Reich Von Bormann;Groﬂgermanisches Reich Von Bormann;Groﬂgermanisches Reich Von Bormann;;;;;;;;;;;x;
BGE_prussian_constitutionalism;Groﬂgermanisches Reich Von Bormann;Groﬂgermanisches Reich Von Bormann;Groﬂgermanisches Reich Von Bormann;;;;;;;;;;;x;
BGE_hms_government;Groﬂgermanisches Reich Von Bormann;Groﬂgermanisches Reich Von Bormann;Groﬂgermanisches Reich Von Bormann;;;;;;;;;;;x;
BGE_democracy;Groﬂgermanisches Reich Von Bormann;Groﬂgermanisches Reich Von Bormann;Groﬂgermanisches Reich Von Bormann;;;;;;;;;;;x;
BGE_conservative_92;Conservatives;Conservatives;Conservatives;;;;;;;;;;;x;
BGE_liberal_79;Liberals;Liberals;Liberals;;;;;;;;;;;x;
BGE_liberal_87;National Liberals;National Liberals;National Liberals;;;;;;;;;;;x;
BGE_socialist_85;Socialists;Socialists;Socialists;;;;;;;;;;;x;
BGE_socialist_99;National Socialists;National Socialists;National Socialists;;;;;;;;;;;x;
BGE_reactionary_84;Monarchy Leadership;Monarchy Leadership;Monarchy Leadership;;;;;;;;;;;x;
BGE_anarcho_liberal_93;Radical Liberals;Radical Liberals;Radical Liberals;;;;;;;;;;;x;
BGE_communist_86;Communists;Communists;Communists;;;;;;;;;;;x;
BGE_fascist_72;Fascists;Fascists;Fascists;;;;;;;;;;;x;
BLT_ADJ;Baltic;Baltic;Baltic;;;;;;;;;;;x;
BLT;Free Baltics;Free Baltics;Free Baltics;;;;;;;;;;;x;
BLT_proletarian_dictatorship;Free Baltics;Free Baltics;Free Baltics;;;;;;;;;;;x;
BLT_presidential_dictatorship;Free Baltics;Free Baltics;Free Baltics;;;;;;;;;;;x;
BLT_bourgeois_dictatorship;Free Baltics;Free Baltics;Free Baltics;;;;;;;;;;;x;
BLT_fascist_dictatorship;Baltic Lebensraum;Baltic Lebensraum;Baltic Lebensraum;;;;;;;;;;;x;
BLT_absolute_monarchy;Free Baltics;Free Baltics;Free Baltics;;;;;;;;;;;x;
BLT_prussian_constitutionalism;Free Baltics;Free Baltics;Free Baltics;;;;;;;;;;;x;
BLT_hms_government;Free Baltics;Free Baltics;Free Baltics;;;;;;;;;;;x;
BLT_democracy;Free Baltics;Free Baltics;Free Baltics;;;;;;;;;;;x;
BLT_conservative_92;Conservatives;Conservatives;Conservatives;;;;;;;;;;;x;
BLT_liberal_79;Liberals;Liberals;Liberals;;;;;;;;;;;x;
BLT_liberal_87;National Liberals;National Liberals;National Liberals;;;;;;;;;;;x;
BLT_socialist_85;Socialists;Socialists;Socialists;;;;;;;;;;;x;
BLT_socialist_99;National Socialists;National Socialists;National Socialists;;;;;;;;;;;x;
BLT_reactionary_84;Monarchy Leadership;Monarchy Leadership;Monarchy Leadership;;;;;;;;;;;x;
BLT_anarcho_liberal_93;Radical Liberals;Radical Liberals;Radical Liberals;;;;;;;;;;;x;
BLT_communist_86;Communists;Communists;Communists;;;;;;;;;;;x;
BLT_fascist_72;Fascists;Fascists;Fascists;;;;;;;;;;;x;
BRG_ADJ;Burgundian;Burgundian;Burgundian;;;;;;;;;;;x;
BRG;Burgundy;Burgundy;Burgundy;;;;;;;;;;;x;
BRG_proletarian_dictatorship;Burgundy;Burgundy;Burgundy;;;;;;;;;;;x;
BRG_presidential_dictatorship;Ordensstaat Burgund;Ordensstaat Burgund;Ordensstaat Burgund;;;;;;;;;;;x;
BRG_bourgeois_dictatorship;Burgundy;Burgundy;Burgundy;;;;;;;;;;;x;
BRG_fascist_dictatorship;Ordensstaat Burgund;Ordensstaat Burgund;Ordensstaat Burgund;;;;;;;;;;;x;
BRG_absolute_monarchy;Burgundy;Burgundy;Burgundy;;;;;;;;;;;x;
BRG_prussian_constitutionalism;Burgundy;Burgundy;Burgundy;;;;;;;;;;;x;
BRG_hms_government;Burgundy;Burgundy;Burgundy;;;;;;;;;;;x;
BRG_democracy;Burgundy;Burgundy;Burgundy;;;;;;;;;;;x;
BRG_conservative_92;Conservatives;Conservatives;Conservatives;;;;;;;;;;;x;
BRG_liberal_79;Liberals;Liberals;Liberals;;;;;;;;;;;x;
BRG_liberal_87;National Liberals;National Liberals;National Liberals;;;;;;;;;;;x;
BRG_socialist_85;Socialists;Socialists;Socialists;;;;;;;;;;;x;
BRG_socialist_99;National Socialists;National Socialists;National Socialists;;;;;;;;;;;x;
BRG_reactionary_84;Monarchy Leadership;Monarchy Leadership;Monarchy Leadership;;;;;;;;;;;x;
BRG_anarcho_liberal_93;Radical Liberals;Radical Liberals;Radical Liberals;;;;;;;;;;;x;
BRG_communist_86;Communists;Communists;Communists;;;;;;;;;;;x;
BRG_fascist_72;Fascists;Fascists;Fascists;;;;;;;;;;;x;
BRI_ADJ;Breton;Breton;Breton;;;;;;;;;;;x;
BRI;Brittany;Republic of Brittany;Republic of Brittany;;;;;;;;;;;x;
BRI_proletarian_dictatorship;Brittany;Brittany;Brittany;;;;;;;;;;;x;
BRI_presidential_dictatorship;Brittany;Brittany;Brittany;;;;;;;;;;;x;
BRI_bourgeois_dictatorship;Brittany;Brittany;Brittany;;;;;;;;;;;x;
BRI_fascist_dictatorship;Brittany;Brittany;Brittany;;;;;;;;;;;x;
BRI_absolute_monarchy;Brittany;Brittany;Brittany;;;;;;;;;;;x;
BRI_prussian_constitutionalism;Brittany;Brittany;Brittany;;;;;;;;;;;x;
BRI_hms_government;Brittany;Brittany;Brittany;;;;;;;;;;;x;
BRI_democracy;Republic of Brittany;Republic of Brittany;Republic of Brittany;;;;;;;;;;;x;
BRI_conservative_92;Conservatives;Conservatives;Conservatives;;;;;;;;;;;x;
BRI_liberal_79;Liberals;Liberals;Liberals;;;;;;;;;;;x;
BRI_liberal_87;National Liberals;National Liberals;National Liberals;;;;;;;;;;;x;
BRI_socialist_85;Socialists;Socialists;Socialists;;;;;;;;;;;x;
BRI_socialist_99;National Socialists;National Socialists;National Socialists;;;;;;;;;;;x;
BRI_reactionary_84;Monarchy Leadership;Monarchy Leadership;Monarchy Leadership;;;;;;;;;;;x;
BRI_anarcho_liberal_93;Radical Liberals;Radical Liberals;Radical Liberals;;;;;;;;;;;x;
BRI_communist_86;Communists;Communists;Communists;;;;;;;;;;;x;
BRI_fascist_72;Fascists;Fascists;Fascists;;;;;;;;;;;x;
CAR_ADJ;Yoruba;;;;;;;;;;;;;x;
CAR;Yorubaland;Yorubaland;Yorubaland;;;;;;;;;;;x;
CAR_proletarian_dictatorship;Yorubaland;Yorubaland;Yorubaland;;;;;;;;;;;x;
CAR_presidential_dictatorship;Yorubaland;Yorubaland;Yorubaland;;;;;;;;;;;x;
CAR_bourgeois_dictatorship;Yorubaland;Yorubaland;Yorubaland;;;;;;;;;;;x;
CAR_fascist_dictatorship;Yorubaland;Yorubaland;Yorubaland;;;;;;;;;;;x;
CAR_absolute_monarchy;Yorubaland;Yorubaland;Yorubaland;;;;;;;;;;;x;
CAR_prussian_constitutionalism;Yorubaland;Yorubaland;Yorubaland;;;;;;;;;;;x;
CAR_hms_government;Yorubaland;Yorubaland;Yorubaland;;;;;;;;;;;x;
CAR_democracy;Yorubaland;Yorubaland;Yorubaland;;;;;;;;;;;x;
CAR_conservative_92;Conservatives;Conservatives;Conservatives;;;;;;;;;;;x;
CAR_liberal_79;Liberals;Liberals;Liberals;;;;;;;;;;;x;
CAR_liberal_87;National Liberals;National Liberals;National Liberals;;;;;;;;;;;x;
CAR_socialist_85;Socialists;Socialists;Socialists;;;;;;;;;;;x;
CAR_socialist_99;National Socialists;National Socialists;National Socialists;;;;;;;;;;;x;
CAR_reactionary_84;Monarchy Leadership;Monarchy Leadership;Monarchy Leadership;;;;;;;;;;;x;
CAR_anarcho_liberal_93;Radical Liberals;Radical Liberals;Radical Liberals;;;;;;;;;;;x;
CAR_communist_86;Communists;Communists;Communists;;;;;;;;;;;x;
CAR_fascist_72;Fascists;Fascists;Fascists;;;;;;;;;;;x;
CBR_ADJ;British;British;British;;;;;;;;;;;x;
CBR;Commonwealth In Exile;Commonwealth In Exile;Commonwealth In Exile;;;;;;;;;;;x;
CBR_proletarian_dictatorship;Commonwealth In Exile;Commonwealth In Exile;Commonwealth In Exile;;;;;;;;;;;x;
CBR_presidential_dictatorship;Commonwealth In Exile;Commonwealth In Exile;Commonwealth In Exile;;;;;;;;;;;x;
CBR_bourgeois_dictatorship;Commonwealth In Exile;Commonwealth In Exile;Commonwealth In Exile;;;;;;;;;;;x;
CBR_fascist_dictatorship;Commonwealth In Exile;Commonwealth In Exile;Commonwealth In Exile;;;;;;;;;;;x;
CBR_absolute_monarchy;Commonwealth In Exile;Commonwealth In Exile;Commonwealth In Exile;;;;;;;;;;;x;
CBR_prussian_constitutionalism;Commonwealth In Exile;Commonwealth In Exile;Commonwealth In Exile;;;;;;;;;;;x;
CBR_hms_government;Commonwealth In Exile;Commonwealth In Exile;Commonwealth In Exile;;;;;;;;;;;x;
CBR_democracy;Commonwealth In Exile;Commonwealth In Exile;Commonwealth In Exile;;;;;;;;;;;x;
CBR_conservative_92;Conservatives;Conservatives;Conservatives;;;;;;;;;;;x;
CBR_liberal_79;Liberals;Liberals;Liberals;;;;;;;;;;;x;
CBR_liberal_87;National Liberals;National Liberals;National Liberals;;;;;;;;;;;x;
CBR_socialist_85;Socialists;Socialists;Socialists;;;;;;;;;;;x;
CBR_socialist_99;National Socialists;National Socialists;National Socialists;;;;;;;;;;;x;
CBR_reactionary_84;Monarchy Leadership;Monarchy Leadership;Monarchy Leadership;;;;;;;;;;;x;
CBR_anarcho_liberal_93;Radical Liberals;Radical Liberals;Radical Liberals;;;;;;;;;;;x;
CBR_communist_86;Communists;Communists;Communists;;;;;;;;;;;x;
CBR_fascist_72;Fascists;Fascists;Fascists;;;;;;;;;;;x;
CFR_ADJ;French;French;French;;;;;;;;;;;x;
CFR;French Colonial Remnants;French Colonial Remnants;French Colonial Remnants;;;;;;;;;;;x;
CFR_proletarian_dictatorship;French Colonial Remnants;French Colonial Remnants;French Colonial Remnants;;;;;;;;;;;x;
CFR_presidential_dictatorship;French Colonial Remnants;French Colonial Remnants;French Colonial Remnants;;;;;;;;;;;x;
CFR_bourgeois_dictatorship;French Colonial Remnants;French Colonial Remnants;French Colonial Remnants;;;;;;;;;;;x;
CFR_fascist_dictatorship;French Colonial Remnants;French Colonial Remnants;French Colonial Remnants;;;;;;;;;;;x;
CFR_absolute_monarchy;French Colonial Remnants;French Colonial Remnants;French Colonial Remnants;;;;;;;;;;;x;
CFR_prussian_constitutionalism;French Colonial Remnants;French Colonial Remnants;French Colonial Remnants;;;;;;;;;;;x;
CFR_hms_government;French Colonial Remnants;French Colonial Remnants;French Colonial Remnants;;;;;;;;;;;x;
CFR_democracy;French Colonial Remnants;French Colonial Remnants;French Colonial Remnants;;;;;;;;;;;x;
CFR_conservative_92;Conservatives;Conservatives;Conservatives;;;;;;;;;;;x;
CFR_liberal_79;Liberals;Liberals;Liberals;;;;;;;;;;;x;
CFR_liberal_87;National Liberals;National Liberals;National Liberals;;;;;;;;;;;x;
CFR_socialist_85;Socialists;Socialists;Socialists;;;;;;;;;;;x;
CFR_socialist_99;National Socialists;National Socialists;National Socialists;;;;;;;;;;;x;
CFR_reactionary_84;Monarchy Leadership;Monarchy Leadership;Monarchy Leadership;;;;;;;;;;;x;
CFR_anarcho_liberal_93;Radical Liberals;Radical Liberals;Radical Liberals;;;;;;;;;;;x;
CFR_communist_86;Communists;Communists;Communists;;;;;;;;;;;x;
CFR_fascist_72;Fascists;Fascists;Fascists;;;;;;;;;;;x;
COR_ADJ;Cornish;Cornish;Cornish;;;;;;;;;;;x;
COR;Cornwall Garrison;Cornwall Garrison;Cornwall Garrison;;;;;;;;;;;x;
COR_proletarian_dictatorship;Cornwall Garrison;Cornwall Garrison;Cornwall Garrison;;;;;;;;;;;x;
COR_presidential_dictatorship;Cornwall Garrison;Cornwall Garrison;Cornwall Garrison;;;;;;;;;;;x;
COR_bourgeois_dictatorship;Cornwall Garrison;Cornwall Garrison;Cornwall Garrison;;;;;;;;;;;x;
COR_fascist_dictatorship;Cornwall Garrison;Cornwall Garrison;Cornwall Garrison;;;;;;;;;;;x;
COR_absolute_monarchy;Cornwall Garrison;Cornwall Garrison;Cornwall Garrison;;;;;;;;;;;x;
COR_prussian_constitutionalism;Cornwall Garrison;Cornwall Garrison;Cornwall Garrison;;;;;;;;;;;x;
COR_hms_government;Cornwall Garrison;Cornwall Garrison;Cornwall Garrison;;;;;;;;;;;x;
COR_democracy;Cornwall Garrison;Cornwall Garrison;Cornwall Garrison;;;;;;;;;;;x;
COR_conservative_92;Conservatives;Conservatives;Conservatives;;;;;;;;;;;x;
COR_liberal_79;Liberals;Liberals;Liberals;;;;;;;;;;;x;
COR_liberal_87;National Liberals;National Liberals;National Liberals;;;;;;;;;;;x;
COR_socialist_85;Socialists;Socialists;Socialists;;;;;;;;;;;x;
COR_socialist_99;National Socialists;National Socialists;National Socialists;;;;;;;;;;;x;
COR_reactionary_84;Monarchy Leadership;Monarchy Leadership;Monarchy Leadership;;;;;;;;;;;x;
COR_anarcho_liberal_93;Radical Liberals;Radical Liberals;Radical Liberals;;;;;;;;;;;x;
COR_communist_86;Communists;Communists;Communists;;;;;;;;;;;x;
COR_fascist_72;Fascists;Fascists;Fascists;;;;;;;;;;;x;
EGA_ADJ;Ostafrikan;German;German;;;;;;;;;;;x;
EGA;Ostafrika;Ostafrika;Ostafrika;;;;;;;;;;;x;
EGA_proletarian_dictatorship;Ostafrika;Ostafrika;Ostafrika;;;;;;;;;;;x;
EGA_presidential_dictatorship;Ostafrika;Ostafrika;Ostafrika;;;;;;;;;;;x;
EGA_bourgeois_dictatorship;Ostafrika;Ostafrika;Ostafrika;;;;;;;;;;;x;
EGA_fascist_dictatorship;Ostafrika;Ostafrika;Ostafrika;;;;;;;;;;;x;
EGA_absolute_monarchy;Ostafrika;Ostafrika;Ostafrika;;;;;;;;;;;x;
EGA_prussian_constitutionalism;Ostafrika;Ostafrika;Ostafrika;;;;;;;;;;;x;
EGA_hms_government;Ostafrika;Ostafrika;Ostafrika;;;;;;;;;;;x;
EGA_democracy;Ostafrika;Ostafrika;Ostafrika;;;;;;;;;;;x;
EGA_conservative_92;Conservatives;Conservatives;Conservatives;;;;;;;;;;;x;
EGA_liberal_79;Liberals;Liberals;Liberals;;;;;;;;;;;x;
EGA_liberal_87;National Liberals;National Liberals;National Liberals;;;;;;;;;;;x;
EGA_socialist_85;Socialists;Socialists;Socialists;;;;;;;;;;;x;
EGA_socialist_99;National Socialists;National Socialists;National Socialists;;;;;;;;;;;x;
EGA_reactionary_84;Monarchy Leadership;Monarchy Leadership;Monarchy Leadership;;;;;;;;;;;x;
EGA_anarcho_liberal_93;Radical Liberals;Radical Liberals;Radical Liberals;;;;;;;;;;;x;
EGA_communist_86;Communists;Communists;Communists;;;;;;;;;;;x;
EGA_fascist_72;Fascists;Fascists;Fascists;;;;;;;;;;;x;
EIC_ADJ;Indonesia;Indonesia;Indonesia;;;;;;;;;;;x;
EIC;Indonesia;Indonesia;Indonesia;;;;;;;;;;;x;
EIC_proletarian_dictatorship;Indonesia;Indonesia;Indonesia;;;;;;;;;;;x;
EIC_presidential_dictatorship;Indonesia;Indonesia;Indonesia;;;;;;;;;;;x;
EIC_bourgeois_dictatorship;Indonesia;Indonesia;Indonesia;;;;;;;;;;;x;
EIC_fascist_dictatorship;Indonesia;Indonesia;Indonesia;;;;;;;;;;;x;
EIC_absolute_monarchy;Indonesia;Indonesia;Indonesia;;;;;;;;;;;x;
EIC_prussian_constitutionalism;Indonesia;Indonesia;Indonesia;;;;;;;;;;;x;
EIC_hms_government;Indonesia;Indonesia;Indonesia;;;;;;;;;;;x;
EIC_democracy;Indonesia;Indonesia;Indonesia;;;;;;;;;;;x;
EIC_conservative_92;Conservatives;Conservatives;Conservatives;;;;;;;;;;;x;
EIC_liberal_79;Liberals;Liberals;Liberals;;;;;;;;;;;x;
EIC_liberal_87;National Liberals;National Liberals;National Liberals;;;;;;;;;;;x;
EIC_socialist_85;Socialists;Socialists;Socialists;;;;;;;;;;;x;
EIC_socialist_99;National Socialists;National Socialists;National Socialists;;;;;;;;;;;x;
EIC_reactionary_84;Monarchy Leadership;Monarchy Leadership;Monarchy Leadership;;;;;;;;;;;x;
EIC_anarcho_liberal_93;Radical Liberals;Radical Liberals;Radical Liberals;;;;;;;;;;;x;
EIC_communist_86;Communists;Communists;Communists;;;;;;;;;;;x;
EIC_fascist_72;Fascists;Fascists;Fascists;;;;;;;;;;;x;
EIR_ADJ;Indonesian;Indonesian;Indonesian;;;;;;;;;;;x;
EIR;Free Indonesia;Free Indonesia;Free Indonesia;;;;;;;;;;;x;
EIR_proletarian_dictatorship;Free Indonesia;Free Indonesia;Free Indonesia;;;;;;;;;;;x;
EIR_presidential_dictatorship;Free Indonesia;Free Indonesia;Free Indonesia;;;;;;;;;;;x;
EIR_bourgeois_dictatorship;Free Indonesia;Free Indonesia;Free Indonesia;;;;;;;;;;;x;
EIR_fascist_dictatorship;Free Indonesia;Free Indonesia;Free Indonesia;;;;;;;;;;;x;
EIR_absolute_monarchy;Free Indonesia;Free Indonesia;Free Indonesia;;;;;;;;;;;x;
EIR_prussian_constitutionalism;Free Indonesia;Free Indonesia;Free Indonesia;;;;;;;;;;;x;
EIR_hms_government;Free Indonesia;Free Indonesia;Free Indonesia;;;;;;;;;;;x;
EIR_democracy;Free Indonesia;Free Indonesia;Free Indonesia;;;;;;;;;;;x;
EIR_conservative_92;Conservatives;Conservatives;Conservatives;;;;;;;;;;;x;
EIR_liberal_79;Liberals;Liberals;Liberals;;;;;;;;;;;x;
EIR_liberal_87;National Liberals;National Liberals;National Liberals;;;;;;;;;;;x;
EIR_socialist_85;Socialists;Socialists;Socialists;;;;;;;;;;;x;
EIR_socialist_99;National Socialists;National Socialists;National Socialists;;;;;;;;;;;x;
EIR_reactionary_84;Monarchy Leadership;Monarchy Leadership;Monarchy Leadership;;;;;;;;;;;x;
EIR_anarcho_liberal_93;Radical Liberals;Radical Liberals;Radical Liberals;;;;;;;;;;;x;
EIR_communist_86;Communists;Communists;Communists;;;;;;;;;;;x;
EIR_fascist_72;Fascists;Fascists;Fascists;;;;;;;;;;;x;
FED_ADJ;Magadan;Federalist;Federalist;;;;;;;;;;;x;
FED;Free State of Magadan;Russian Federation;Russian Federation;;;;;;;;;;;x;
FED_conservative_92;Conservatives;Conservatives;Conservatives;;;;;;;;;;;x;
FED_liberal_79;Liberals;Liberals;Liberals;;;;;;;;;;;x;
FED_liberal_87;National Liberals;National Liberals;National Liberals;;;;;;;;;;;x;
FED_socialist_85;Socialists;Socialists;Socialists;;;;;;;;;;;x;
FED_socialist_99;National Socialists;National Socialists;National Socialists;;;;;;;;;;;x;
FED_reactionary_84;Monarchy Leadership;Monarchy Leadership;Monarchy Leadership;;;;;;;;;;;x;
FED_anarcho_liberal_93;Radical Liberals;Radical Liberals;Radical Liberals;;;;;;;;;;;x;
FED_communist_86;Communists;Communists;Communists;;;;;;;;;;;x;
FED_fascist_72;Fascists;Fascists;Fascists;;;;;;;;;;;x;
FEU_ADJ;Free;Free;Free;;;;;;;;;;;x;
FEU;Free Europe;Free Europe;Free Europe;;;;;;;;;;;x;
FEU_proletarian_dictatorship;Free Europe;Free Europe;Free Europe;;;;;;;;;;;x;
FEU_presidential_dictatorship;Free Europe;Free Europe;Free Europe;;;;;;;;;;;x;
FEU_bourgeois_dictatorship;Free Europe;Free Europe;Free Europe;;;;;;;;;;;x;
FEU_fascist_dictatorship;Free Europe;Free Europe;Free Europe;;;;;;;;;;;x;
FEU_absolute_monarchy;Free Europe;Free Europe;Free Europe;;;;;;;;;;;x;
FEU_prussian_constitutionalism;Free Europe;Free Europe;Free Europe;;;;;;;;;;;x;
FEU_hms_government;Free Europe;Free Europe;Free Europe;;;;;;;;;;;x;
FEU_democracy;Free Europe;Free Europe;Free Europe;;;;;;;;;;;x;
FEU_conservative_92;Conservatives;Conservatives;Conservatives;;;;;;;;;;;x;
FEU_liberal_79;Liberals;Liberals;Liberals;;;;;;;;;;;x;
FEU_liberal_87;National Liberals;National Liberals;National Liberals;;;;;;;;;;;x;
FEU_socialist_85;Socialists;Socialists;Socialists;;;;;;;;;;;x;
FEU_socialist_99;National Socialists;National Socialists;National Socialists;;;;;;;;;;;x;
FEU_reactionary_84;Monarchy Leadership;Monarchy Leadership;Monarchy Leadership;;;;;;;;;;;x;
FEU_anarcho_liberal_93;Radical Liberals;Radical Liberals;Radical Liberals;;;;;;;;;;;x;
FEU_communist_86;Communists;Communists;Communists;;;;;;;;;;;x;
FEU_fascist_72;Fascists;Fascists;Fascists;;;;;;;;;;;x;
GER_ADJ;German;German;German;;;;;;;;;;;x;
GER;Groﬂgermanisches Reich;Groﬂgermanisches Reich;Groﬂgermanisches Reich;;;;;;;;;;;x;
GER_proletarian_dictatorship;Groﬂgermanisches Reich;Groﬂgermanisches Reich;Groﬂgermanisches Reich;;;;;;;;;;;x;
GER_presidential_dictatorship;Groﬂgermanisches Reich;Groﬂgermanisches Reich;Groﬂgermanisches Reich;;;;;;;;;;;x;
GER_bourgeois_dictatorship;Groﬂgermanisches Reich;Groﬂgermanisches Reich;Groﬂgermanisches Reich;;;;;;;;;;;x;
GER_fascist_dictatorship;Groﬂgermanisches Reich;Groﬂgermanisches Reich;Groﬂgermanisches Reich;;;;;;;;;;;x;
GER_absolute_monarchy;Groﬂgermanisches Reich;Groﬂgermanisches Reich;Groﬂgermanisches Reich;;;;;;;;;;;x;
GER_prussian_constitutionalism;Groﬂgermanisches Reich;Groﬂgermanisches Reich;Groﬂgermanisches Reich;;;;;;;;;;;x;
GER_hms_government;Groﬂgermanisches Reich;Groﬂgermanisches Reich;Groﬂgermanisches Reich;;;;;;;;;;;x;
GER_democracy;Groﬂgermanisches Reich;Groﬂgermanisches Reich;Groﬂgermanisches Reich;;;;;;;;;;;x;
GER_conservative_92;Conservatives;Conservatives;Conservatives;;;;;;;;;;;x;
GER_liberal_79;Liberals;Liberals;Liberals;;;;;;;;;;;x;
GER_liberal_87;National Liberals;National Liberals;National Liberals;;;;;;;;;;;x;
GER_socialist_85;Socialists;Socialists;Socialists;;;;;;;;;;;x;
GER_socialist_99;National Socialists;National Socialists;National Socialists;;;;;;;;;;;x;
GER_reactionary_84;Monarchy Leadership;Monarchy Leadership;Monarchy Leadership;;;;;;;;;;;x;
GER_anarcho_liberal_93;Radical Liberals;Radical Liberals;Radical Liberals;;;;;;;;;;;x;
GER_communist_86;Communists;Communists;Communists;;;;;;;;;;;x;
GER_fascist_72;Fascists;Fascists;Fascists;;;;;;;;;;;x;
GGE_ADJ;German;German;German;;;;;;;;;;;x;
GGE;Groﬂgermanisches Reich Von Goring;Groﬂgermanisches Reich Von Goring;Groﬂgermanisches Reich Von Goring;;;;;;;;;;;x;
GGE_proletarian_dictatorship;Groﬂgermanisches Reich Von Goring;Groﬂgermanisches Reich Von Goring;Groﬂgermanisches Reich Von Goring;;;;;;;;;;;x;
GGE_presidential_dictatorship;Groﬂgermanisches Reich Von Goring;Groﬂgermanisches Reich Von Goring;Groﬂgermanisches Reich Von Goring;;;;;;;;;;;x;
GGE_bourgeois_dictatorship;Groﬂgermanisches Reich Von Goring;Groﬂgermanisches Reich Von Goring;Groﬂgermanisches Reich Von Goring;;;;;;;;;;;x;
GGE_fascist_dictatorship;Groﬂgermanisches Reich Von Goring;Groﬂgermanisches Reich Von Goring;Groﬂgermanisches Reich Von Goring;;;;;;;;;;;x;
GGE_absolute_monarchy;Groﬂgermanisches Reich Von Goring;Groﬂgermanisches Reich Von Goring;Groﬂgermanisches Reich Von Goring;;;;;;;;;;;x;
GGE_prussian_constitutionalism;Groﬂgermanisches Reich Von Goring;Groﬂgermanisches Reich Von Goring;Groﬂgermanisches Reich Von Goring;;;;;;;;;;;x;
GGE_hms_government;Groﬂgermanisches Reich Von Goring;Groﬂgermanisches Reich Von Goring;Groﬂgermanisches Reich Von Goring;;;;;;;;;;;x;
GGE_democracy;Groﬂgermanisches Reich Von Goring;Groﬂgermanisches Reich Von Goring;Groﬂgermanisches Reich Von Goring;;;;;;;;;;;x;
GGE_conservative_92;Conservatives;Conservatives;Conservatives;;;;;;;;;;;x;
GGE_liberal_79;Liberals;Liberals;Liberals;;;;;;;;;;;x;
GGE_liberal_87;National Liberals;National Liberals;National Liberals;;;;;;;;;;;x;
GGE_socialist_85;Socialists;Socialists;Socialists;;;;;;;;;;;x;
GGE_socialist_99;National Socialists;National Socialists;National Socialists;;;;;;;;;;;x;
GGE_reactionary_84;Monarchy Leadership;Monarchy Leadership;Monarchy Leadership;;;;;;;;;;;x;
GGE_anarcho_liberal_93;Radical Liberals;Radical Liberals;Radical Liberals;;;;;;;;;;;x;
GGE_communist_86;Communists;Communists;Communists;;;;;;;;;;;x;
GGE_fascist_72;Fascists;Fascists;Fascists;;;;;;;;;;;x;
HGE_ADJ;German;German;German;;;;;;;;;;;x;
HGE;Groﬂgermanisches Reich Von Heydrich;Groﬂgermanisches Reich Von Heydrich;Groﬂgermanisches Reich Von Heydrich;;;;;;;;;;;x;
HGE_proletarian_dictatorship;Groﬂgermanisches Reich Von Heydrich;Groﬂgermanisches Reich Von Heydrich;Groﬂgermanisches Reich Von Heydrich;;;;;;;;;;;x;
HGE_presidential_dictatorship;Groﬂgermanisches Reich Von Heydrich;Groﬂgermanisches Reich Von Heydrich;Groﬂgermanisches Reich Von Heydrich;;;;;;;;;;;x;
HGE_bourgeois_dictatorship;Groﬂgermanisches Reich Von Heydrich;Groﬂgermanisches Reich Von Heydrich;Groﬂgermanisches Reich Von Heydrich;;;;;;;;;;;x;
HGE_fascist_dictatorship;Groﬂgermanisches Reich Von Heydrich;Groﬂgermanisches Reich Von Heydrich;Groﬂgermanisches Reich Von Heydrich;;;;;;;;;;;x;
HGE_absolute_monarchy;Groﬂgermanisches Reich Von Heydrich;Groﬂgermanisches Reich Von Heydrich;Groﬂgermanisches Reich Von Heydrich;;;;;;;;;;;x;
HGE_prussian_constitutionalism;Groﬂgermanisches Reich Von Heydrich;Groﬂgermanisches Reich Von Heydrich;Groﬂgermanisches Reich Von Heydrich;;;;;;;;;;;x;
HGE_hms_government;Groﬂgermanisches Reich Von Heydrich;Groﬂgermanisches Reich Von Heydrich;Groﬂgermanisches Reich Von Heydrich;;;;;;;;;;;x;
HGE_democracy;Groﬂgermanisches Reich Von Heydrich;Groﬂgermanisches Reich Von Heydrich;Groﬂgermanisches Reich Von Heydrich;;;;;;;;;;;x;
HGE_conservative_92;Conservatives;Conservatives;Conservatives;;;;;;;;;;;x;
HGE_liberal_79;Liberals;Liberals;Liberals;;;;;;;;;;;x;
HGE_liberal_87;National Liberals;National Liberals;National Liberals;;;;;;;;;;;x;
HGE_socialist_85;Socialists;Socialists;Socialists;;;;;;;;;;;x;
HGE_socialist_99;National Socialists;National Socialists;National Socialists;;;;;;;;;;;x;
HGE_reactionary_84;Monarchy Leadership;Monarchy Leadership;Monarchy Leadership;;;;;;;;;;;x;
HGE_anarcho_liberal_93;Radical Liberals;Radical Liberals;Radical Liberals;;;;;;;;;;;x;
HGE_communist_86;Communists;Communists;Communists;;;;;;;;;;;x;
HGE_fascist_72;Fascists;Fascists;Fascists;;;;;;;;;;;x;
IBE_ADJ;Iberian;Iberian;Iberian;;;;;;;;;;;x;
IBE;Iberian Union;Iberian Union;Iberian Union;;;;;;;;;;;x;
IBE_proletarian_dictatorship;Iberian Union;Iberian Union;Iberian Union;;;;;;;;;;;x;
IBE_presidential_dictatorship;Iberian Union;Iberian Union;Iberian Union;;;;;;;;;;;x;
IBE_bourgeois_dictatorship;Iberian Union;Iberian Union;Iberian Union;;;;;;;;;;;x;
IBE_fascist_dictatorship;Iberian Union;Iberian Union;Iberian Union;;;;;;;;;;;x;
IBE_absolute_monarchy;Iberian Union;Iberian Union;Iberian Union;;;;;;;;;;;x;
IBE_prussian_constitutionalism;Iberian Union;Iberian Union;Iberian Union;;;;;;;;;;;x;
IBE_hms_government;Iberian Union;Iberian Union;Iberian Union;;;;;;;;;;;x;
IBE_democracy;Iberian Union;Iberian Union;Iberian Union;;;;;;;;;;;x;
IBE_conservative_92;Conservatives;Conservatives;Conservatives;;;;;;;;;;;x;
IBE_liberal_79;Liberals;Liberals;Liberals;;;;;;;;;;;x;
IBE_liberal_87;National Liberals;National Liberals;National Liberals;;;;;;;;;;;x;
IBE_socialist_85;Socialists;Socialists;Socialists;;;;;;;;;;;x;
IBE_socialist_99;National Socialists;National Socialists;National Socialists;;;;;;;;;;;x;
IBE_reactionary_84;Monarchy Leadership;Monarchy Leadership;Monarchy Leadership;;;;;;;;;;;x;
IBE_anarcho_liberal_93;Radical Liberals;Radical Liberals;Radical Liberals;;;;;;;;;;;x;
IBE_communist_86;Communists;Communists;Communists;;;;;;;;;;;x;
IBE_fascist_72;Fascists;Fascists;Fascists;;;;;;;;;;;x;
KAZ_ADJ;Kazahk;Kazahk;Kazahk;;;;;;;;;;;x;
KAZ;Kazahkstan;Kazahkstan;Kazahkstan;;;;;;;;;;;x;
KAZ_proletarian_dictatorship;Kazakh Soviet Socialist Republic;Kazahkstan;Kazahkstan;;;;;;;;;;;x;
KAZ_presidential_dictatorship;Kazahkstan;Kazahkstan;Kazahkstan;;;;;;;;;;;x;
KAZ_bourgeois_dictatorship;Kazahkstan;Kazahkstan;Kazahkstan;;;;;;;;;;;x;
KAZ_fascist_dictatorship;Kazahkstan;Kazahkstan;Kazahkstan;;;;;;;;;;;x;
KAZ_absolute_monarchy;Kazahkstan;Kazahkstan;Kazahkstan;;;;;;;;;;;x;
KAZ_prussian_constitutionalism;Kazahkstan;Kazahkstan;Kazahkstan;;;;;;;;;;;x;
KAZ_hms_government;Kazahkstan;Kazahkstan;Kazahkstan;;;;;;;;;;;x;
KAZ_democracy;Kazahkstan;Kazahkstan;Kazahkstan;;;;;;;;;;;x;
KAZ_conservative_92;Conservatives;Conservatives;Conservatives;;;;;;;;;;;x;
KAZ_liberal_79;Liberals;Liberals;Liberals;;;;;;;;;;;x;
KAZ_liberal_87;National Liberals;National Liberals;National Liberals;;;;;;;;;;;x;
KAZ_socialist_85;Socialists;Socialists;Socialists;;;;;;;;;;;x;
KAZ_socialist_99;National Socialists;National Socialists;National Socialists;;;;;;;;;;;x;
KAZ_reactionary_84;Monarchy Leadership;Monarchy Leadership;Monarchy Leadership;;;;;;;;;;;x;
KAZ_anarcho_liberal_93;Radical Liberals;Radical Liberals;Radical Liberals;;;;;;;;;;;x;
KAZ_communist_86;Communists;Communists;Communists;;;;;;;;;;;x;
KAZ_fascist_72;Fascists;Fascists;Fascists;;;;;;;;;;;x;
KEN_ADJ;Kenyan;Kenyan;Kenyan;;;;;;;;;;;x;
KEN;Kenya;Kenya;Kenya;;;;;;;;;;;x;
KEN_proletarian_dictatorship;Kenya;Kenya;Kenya;;;;;;;;;;;x;
KEN_presidential_dictatorship;Kenya;Kenya;Kenya;;;;;;;;;;;x;
KEN_bourgeois_dictatorship;Kenya;Kenya;Kenya;;;;;;;;;;;x;
KEN_fascist_dictatorship;Kenya;Kenya;Kenya;;;;;;;;;;;x;
KEN_absolute_monarchy;Kenya;Kenya;Kenya;;;;;;;;;;;x;
KEN_prussian_constitutionalism;Kenya;Kenya;Kenya;;;;;;;;;;;x;
KEN_hms_government;Kenya;Kenya;Kenya;;;;;;;;;;;x;
KEN_democracy;Kenya;Kenya;Kenya;;;;;;;;;;;x;
KEN_conservative_92;Conservatives;Conservatives;Conservatives;;;;;;;;;;;x;
KEN_liberal_79;Liberals;Liberals;Liberals;;;;;;;;;;;x;
KEN_liberal_87;National Liberals;National Liberals;National Liberals;;;;;;;;;;;x;
KEN_socialist_85;Socialists;Socialists;Socialists;;;;;;;;;;;x;
KEN_socialist_99;National Socialists;National Socialists;National Socialists;;;;;;;;;;;x;
KEN_reactionary_84;Monarchy Leadership;Monarchy Leadership;Monarchy Leadership;;;;;;;;;;;x;
KEN_anarcho_liberal_93;Radical Liberals;Radical Liberals;Radical Liberals;;;;;;;;;;;x;
KEN_communist_86;Communists;Communists;Communists;;;;;;;;;;;x;
KEN_fascist_72;Fascists;Fascists;Fascists;;;;;;;;;;;x;
LBY_ADJ;Libyan;Libyan;Libyan;;;;;;;;;;;x;
LBY;Libya;Libya;Libya;;;;;;;;;;;x;
LBY_proletarian_dictatorship;Libya;Libya;Libya;;;;;;;;;;;x;
LBY_presidential_dictatorship;Libya;Libya;Libya;;;;;;;;;;;x;
LBY_bourgeois_dictatorship;Libya;Libya;Libya;;;;;;;;;;;x;
LBY_fascist_dictatorship;Libya;Libya;Libya;;;;;;;;;;;x;
LBY_absolute_monarchy;Libya;Libya;Libya;;;;;;;;;;;x;
LBY_prussian_constitutionalism;Libya;Libya;Libya;;;;;;;;;;;x;
LBY_hms_government;Libya;Libya;Libya;;;;;;;;;;;x;
LBY_democracy;Libya;Libya;Libya;;;;;;;;;;;x;
LBY_conservative_92;Conservatives;Conservatives;Conservatives;;;;;;;;;;;x;
LBY_liberal_79;Liberals;Liberals;Liberals;;;;;;;;;;;x;
LBY_liberal_87;National Liberals;National Liberals;National Liberals;;;;;;;;;;;x;
LBY_socialist_85;Socialists;Socialists;Socialists;;;;;;;;;;;x;
LBY_socialist_99;National Socialists;National Socialists;National Socialists;;;;;;;;;;;x;
LBY_reactionary_84;Monarchy Leadership;Monarchy Leadership;Monarchy Leadership;;;;;;;;;;;x;
LBY_anarcho_liberal_93;Radical Liberals;Radical Liberals;Radical Liberals;;;;;;;;;;;x;
LBY_communist_86;Communists;Communists;Communists;;;;;;;;;;;x;
LBY_fascist_72;Fascists;Fascists;Fascists;;;;;;;;;;;x;
MAL_ADJ;Mali;Mali;Mali;;;;;;;;;;;x;
MAL;Malian State;Malian State;Malian State;;;;;;;;;;;x;
MAL_proletarian_dictatorship;Malian State;Malian State;Malian State;;;;;;;;;;;x;
MAL_presidential_dictatorship;Malian State;Malian State;Malian State;;;;;;;;;;;x;
MAL_bourgeois_dictatorship;Malian State;Malian State;Malian State;;;;;;;;;;;x;
MAL_fascist_dictatorship;Malian State;Malian State;Malian State;;;;;;;;;;;x;
MAL_absolute_monarchy;Malian State;Malian State;Malian State;;;;;;;;;;;x;
MAL_prussian_constitutionalism;Malian State;Malian State;Malian State;;;;;;;;;;;x;
MAL_hms_government;Malian State;Malian State;Malian State;;;;;;;;;;;x;
MAL_democracy;Malian State;Malian State;Malian State;;;;;;;;;;;x;
MAL_conservative_92;Conservatives;Conservatives;Conservatives;;;;;;;;;;;x;
MAL_liberal_79;Liberals;Liberals;Liberals;;;;;;;;;;;x;
MAL_liberal_87;National Liberals;National Liberals;National Liberals;;;;;;;;;;;x;
MAL_socialist_85;Socialists;Socialists;Socialists;;;;;;;;;;;x;
MAL_socialist_99;National Socialists;National Socialists;National Socialists;;;;;;;;;;;x;
MAL_reactionary_84;Monarchy Leadership;Monarchy Leadership;Monarchy Leadership;;;;;;;;;;;x;
MAL_anarcho_liberal_93;Radical Liberals;Radical Liberals;Radical Liberals;;;;;;;;;;;x;
MAL_communist_86;Communists;Communists;Communists;;;;;;;;;;;x;
MAL_fascist_72;Fascists;Fascists;Fascists;;;;;;;;;;;x;
MOZ_ADJ;Mozambique;Mozambique;Mozambique;;;;;;;;;;;x;
MOZ;Mozambique;Mozambique;Mozambique;;;;;;;;;;;x;
MOZ_proletarian_dictatorship;Mozambique;Mozambique;Mozambique;;;;;;;;;;;x;
MOZ_presidential_dictatorship;Mozambique;Mozambique;Mozambique;;;;;;;;;;;x;
MOZ_bourgeois_dictatorship;Mozambique;Mozambique;Mozambique;;;;;;;;;;;x;
MOZ_fascist_dictatorship;Mozambique;Mozambique;Mozambique;;;;;;;;;;;x;
MOZ_absolute_monarchy;Mozambique;Mozambique;Mozambique;;;;;;;;;;;x;
MOZ_prussian_constitutionalism;Mozambique;Mozambique;Mozambique;;;;;;;;;;;x;
MOZ_hms_government;Mozambique;Mozambique;Mozambique;;;;;;;;;;;x;
MOZ_democracy;Mozambique;Mozambique;Mozambique;;;;;;;;;;;x;
MOZ_conservative_92;Conservatives;Conservatives;Conservatives;;;;;;;;;;;x;
MOZ_liberal_79;Liberals;Liberals;Liberals;;;;;;;;;;;x;
MOZ_liberal_87;National Liberals;National Liberals;National Liberals;;;;;;;;;;;x;
MOZ_socialist_85;Socialists;Socialists;Socialists;;;;;;;;;;;x;
MOZ_socialist_99;National Socialists;National Socialists;National Socialists;;;;;;;;;;;x;
MOZ_reactionary_84;Monarchy Leadership;Monarchy Leadership;Monarchy Leadership;;;;;;;;;;;x;
MOZ_anarcho_liberal_93;Radical Liberals;Radical Liberals;Radical Liberals;;;;;;;;;;;x;
MOZ_communist_86;Communists;Communists;Communists;;;;;;;;;;;x;
MOZ_fascist_72;Fascists;Fascists;Fascists;;;;;;;;;;;x;
MSC_ADJ;Moscowen;Moscowen;Moscowen;;;;;;;;;;;x;
MSC;Russian Free State;Free Moscow;Free Moscow;;;;;;;;;;;x;
MSC_proletarian_dictatorship;Russian Free State;Free Moscow;Free Moscow;;;;;;;;;;;x;
MSC_presidential_dictatorship;Russian Free State;Free Moscow;Free Moscow;;;;;;;;;;;x;
MSC_bourgeois_dictatorship;Russian Free State;Free Moscow;Free Moscow;;;;;;;;;;;x;
MSC_fascist_dictatorship;Reichskom. Moskowien;Moscow Lebensraum;Moscow Lebensraum;;;;;;;;;;;x;
MSC_absolute_monarchy;Russian Free State;Free Moscow;Free Moscow;;;;;;;;;;;x;
MSC_prussian_constitutionalism;Russian Free State;Free Moscow;Free Moscow;;;;;;;;;;;x;
MSC_hms_government;Russian Free State;Free Moscow;Free Moscow;;;;;;;;;;;x;
MSC_democracy;Russian Free State;Free Moscow;Free Moscow;;;;;;;;;;;x;
MSC_conservative_92;Conservatives;Conservatives;Conservatives;;;;;;;;;;;x;
MSC_liberal_79;Liberals;Liberals;Liberals;;;;;;;;;;;x;
MSC_liberal_87;National Liberals;National Liberals;National Liberals;;;;;;;;;;;x;
MSC_socialist_85;Socialists;Socialists;Socialists;;;;;;;;;;;x;
MSC_socialist_99;National Socialists;National Socialists;National Socialists;;;;;;;;;;;x;
MSC_reactionary_84;Monarchy Leadership;Monarchy Leadership;Monarchy Leadership;;;;;;;;;;;x;
MSC_anarcho_liberal_93;Radical Liberals;Radical Liberals;Radical Liberals;;;;;;;;;;;x;
MSC_communist_86;Communists;Communists;Communists;;;;;;;;;;;x;
MSC_fascist_72;Fascists;Fascists;Fascists;;;;;;;;;;;x;
NAV_ADJ;Kamchatkan;Kamchatkan;Kamchatkan;;;;;;;;;;;x;
NAV;Kamchatka Soviet Fleet;Kamchatka Soviet Fleet;Kamchatka Soviet Fleet;;;;;;;;;;;x;
NAV_proletarian_dictatorship;Kamchatka Soviet Fleet;Kamchatka Soviet Fleet;Kamchatka Soviet Fleet;;;;;;;;;;;x;
NAV_presidential_dictatorship;Kamchatka Soviet Fleet;Kamchatka Soviet Fleet;Kamchatka Soviet Fleet;;;;;;;;;;;x;
NAV_bourgeois_dictatorship;Kamchatka Soviet Fleet;Kamchatka Soviet Fleet;Kamchatka Soviet Fleet;;;;;;;;;;;x;
NAV_fascist_dictatorship;Kamchatka Soviet Fleet;Kamchatka Soviet Fleet;Kamchatka Soviet Fleet;;;;;;;;;;;x;
NAV_absolute_monarchy;Kamchatka Soviet Fleet;Kamchatka Soviet Fleet;Kamchatka Soviet Fleet;;;;;;;;;;;x;
NAV_prussian_constitutionalism;Kamchatka Soviet Fleet;Kamchatka Soviet Fleet;Kamchatka Soviet Fleet;;;;;;;;;;;x;
NAV_hms_government;Kamchatka Soviet Fleet;Kamchatka Soviet Fleet;Kamchatka Soviet Fleet;;;;;;;;;;;x;
NAV_democracy;Kamchatka Soviet Fleet;Kamchatka Soviet Fleet;Kamchatka Soviet Fleet;;;;;;;;;;;x;
NAV_conservative_92;Conservatives;Conservatives;Conservatives;;;;;;;;;;;x;
NAV_liberal_79;Liberals;Liberals;Liberals;;;;;;;;;;;x;
NAV_liberal_87;National Liberals;National Liberals;National Liberals;;;;;;;;;;;x;
NAV_socialist_85;Socialists;Socialists;Socialists;;;;;;;;;;;x;
NAV_socialist_99;National Socialists;National Socialists;National Socialists;;;;;;;;;;;x;
NAV_reactionary_84;Monarchy Leadership;Monarchy Leadership;Monarchy Leadership;;;;;;;;;;;x;
NAV_anarcho_liberal_93;Radical Liberals;Radical Liberals;Radical Liberals;;;;;;;;;;;x;
NAV_communist_86;Communists;Communists;Communists;;;;;;;;;;;x;
NAV_fascist_72;Fascists;Fascists;Fascists;;;;;;;;;;;x;
NGA_ADJ;Cameroon;x
NGA;Cameroon African State;Cameroon African State;Cameroon African State;;;;;;;;;;;x;
NGA_proletarian_dictatorship;Cameroon African State;Cameroon African State;Cameroon African State;;;;;;;;;;;x;
NGA_presidential_dictatorship;Cameroon African State;Cameroon African State;Cameroon African State;;;;;;;;;;;x;
NGA_bourgeois_dictatorship;Cameroon African State;Cameroon African State;Cameroon African State;;;;;;;;;;;x;
NGA_fascist_dictatorship;Cameroon African State;Cameroon African State;Cameroon African State;;;;;;;;;;;x;
NGA_absolute_monarchy;Cameroon African State;Cameroon African State;Cameroon African State;;;;;;;;;;;x;
NGA_prussian_constitutionalism;Cameroon African State;Cameroon African State;Cameroon African State;;;;;;;;;;;x;
NGA_hms_government;Cameroon African State;Cameroon African State;Cameroon African State;;;;;;;;;;;x;
NGA_democracy;Cameroon African State;Cameroon African State;Cameroon African State;;;;;;;;;;;x;
NGA_conservative_92;Conservatives;Conservatives;Conservatives;;;;;;;;;;;x;
NGA_liberal_79;Liberals;Liberals;Liberals;;;;;;;;;;;x;
NGA_liberal_87;National Liberals;National Liberals;National Liberals;;;;;;;;;;;x;
NGA_socialist_85;Socialists;Socialists;Socialists;;;;;;;;;;;x;
NGA_socialist_99;National Socialists;National Socialists;National Socialists;;;;;;;;;;;x;
NGA_reactionary_84;Monarchy Leadership;Monarchy Leadership;Monarchy Leadership;;;;;;;;;;;x;
NGA_anarcho_liberal_93;Radical Liberals;Radical Liberals;Radical Liberals;;;;;;;;;;;x;
NGA_communist_86;Communists;Communists;Communists;;;;;;;;;;;x;
NGA_fascist_72;Fascists;Fascists;Fascists;;;;;;;;;;;x;
NIG_ADJ;Kanem;Kanem;Kanem;;;;;;;;;;;x;
NIG;Kanem;Kanem;Kanem;;;;;;;;;;;x;
NIG_proletarian_dictatorship;Kanem;Kanem;Kanem;;;;;;;;;;;x;
NIG_presidential_dictatorship;Kanem;Kanem;Kanem;;;;;;;;;;;x;
NIG_bourgeois_dictatorship;Kanem;Kanem;Kanem;;;;;;;;;;;x;
NIG_fascist_dictatorship;Kanem;Kanem;Kanem;;;;;;;;;;;x;
NIG_absolute_monarchy;Kanem;Kanem;Kanem;;;;;;;;;;;x;
NIG_prussian_constitutionalism;Kanem;Kanem;Kanem;;;;;;;;;;;x;
NIG_hms_government;Kanem;Kanem;Kanem;;;;;;;;;;;x;
NIG_democracy;Kanem;Kanem;Kanem;;;;;;;;;;;x;
NIG_conservative_92;Conservatives;Conservatives;Conservatives;;;;;;;;;;;x;
NIG_liberal_79;Liberals;Liberals;Liberals;;;;;;;;;;;x;
NIG_liberal_87;National Liberals;National Liberals;National Liberals;;;;;;;;;;;x;
NIG_socialist_85;Socialists;Socialists;Socialists;;;;;;;;;;;x;
NIG_socialist_99;National Socialists;National Socialists;National Socialists;;;;;;;;;;;x;
NIG_reactionary_84;Monarchy Leadership;Monarchy Leadership;Monarchy Leadership;;;;;;;;;;;x;
NIG_anarcho_liberal_93;Radical Liberals;Radical Liberals;Radical Liberals;;;;;;;;;;;x;
NIG_communist_86;Communists;Communists;Communists;;;;;;;;;;;x;
NIG_fascist_72;Fascists;Fascists;Fascists;;;;;;;;;;;x;
NKV_ADJ;Soviet;NKVD;NKVD;;;;;;;;;;;x;
NKV;Presidium of the Supreme Soviet;NKVD In Exile;NKVD In Exile;;;;;;;;;;;x;
NKV_conservative_92;Conservatives;Conservatives;Conservatives;;;;;;;;;;;x;
NKV_liberal_79;Liberals;Liberals;Liberals;;;;;;;;;;;x;
NKV_liberal_87;National Liberals;National Liberals;National Liberals;;;;;;;;;;;x;
NKV_socialist_85;Socialists;Socialists;Socialists;;;;;;;;;;;x;
NKV_socialist_99;National Socialists;National Socialists;National Socialists;;;;;;;;;;;x;
NKV_reactionary_84;Monarchy Leadership;Monarchy Leadership;Monarchy Leadership;;;;;;;;;;;x;
NKV_anarcho_liberal_93;Radical Liberals;Radical Liberals;Radical Liberals;;;;;;;;;;;x;
NKV_communist_86;Communists;Communists;Communists;;;;;;;;;;;x;
NKV_fascist_72;Fascists;Fascists;Fascists;;;;;;;;;;;x;
NUC_ADJ;Black;N.U.C.;N.U.C.;;;;;;;;;;;x;
NUC;Siberian Black League;National Unification Congress;National Unification Congress;;;;;;;;;;;x;
NUC_conservative_92;Conservatives;Conservatives;Conservatives;;;;;;;;;;;x;
NUC_liberal_79;Liberals;Liberals;Liberals;;;;;;;;;;;x;
NUC_liberal_87;National Liberals;National Liberals;National Liberals;;;;;;;;;;;x;
NUC_socialist_85;Socialists;Socialists;Socialists;;;;;;;;;;;x;
NUC_socialist_99;National Socialists;National Socialists;National Socialists;;;;;;;;;;;x;
NUC_reactionary_84;Monarchy Leadership;Monarchy Leadership;Monarchy Leadership;;;;;;;;;;;x;
NUC_anarcho_liberal_93;Radical Liberals;Radical Liberals;Radical Liberals;;;;;;;;;;;x;
NUC_communist_86;Communists;Communists;Communists;;;;;;;;;;;x;
NUC_fascist_72;Fascists;Fascists;Fascists;;;;;;;;;;;x;
ONE_ADJ;Finnish Garrison;Finnish Garrison;Finnish Garrison;;;;;;;;;;;x;
ONE;Onega Garrison;Onega Garrison;Onega Garrison;;;;;;;;;;;x;
ONE_proletarian_dictatorship;Onega Garrison;Onega Garrison;Onega Garrison;;;;;;;;;;;x;
ONE_presidential_dictatorship;Onega Garrison;Onega Garrison;Onega Garrison;;;;;;;;;;;x;
ONE_bourgeois_dictatorship;Onega Garrison;Onega Garrison;Onega Garrison;;;;;;;;;;;x;
ONE_fascist_dictatorship;Onega Garrison;Onega Garrison;Onega Garrison;;;;;;;;;;;x;
ONE_absolute_monarchy;Onega Garrison;Onega Garrison;Onega Garrison;;;;;;;;;;;x;
ONE_prussian_constitutionalism;Onega Garrison;Onega Garrison;Onega Garrison;;;;;;;;;;;x;
ONE_hms_government;Onega Garrison;Onega Garrison;Onega Garrison;;;;;;;;;;;x;
ONE_democracy;Onega Garrison;Onega Garrison;Onega Garrison;;;;;;;;;;;x;
ONE_conservative_92;Conservatives;Conservatives;Conservatives;;;;;;;;;;;x;
ONE_liberal_79;Liberals;Liberals;Liberals;;;;;;;;;;;x;
ONE_liberal_87;National Liberals;National Liberals;National Liberals;;;;;;;;;;;x;
ONE_socialist_85;Socialists;Socialists;Socialists;;;;;;;;;;;x;
ONE_socialist_99;National Socialists;National Socialists;National Socialists;;;;;;;;;;;x;
ONE_reactionary_84;Monarchy Leadership;Monarchy Leadership;Monarchy Leadership;;;;;;;;;;;x;
ONE_anarcho_liberal_93;Radical Liberals;Radical Liberals;Radical Liberals;;;;;;;;;;;x;
ONE_communist_86;Communists;Communists;Communists;;;;;;;;;;;x;
ONE_fascist_72;Fascists;Fascists;Fascists;;;;;;;;;;;x;
PAK_ADJ;Paki;Paki;Paki;;;;;;;;;;;x;
PAK;Pakistan;Pakistan;Pakistan;;;;;;;;;;;x;
PAK_proletarian_dictatorship;Pakistan;Pakistan;Pakistan;;;;;;;;;;;x;
PAK_presidential_dictatorship;Pakistan;Pakistan;Pakistan;;;;;;;;;;;x;
PAK_bourgeois_dictatorship;Pakistan;Pakistan;Pakistan;;;;;;;;;;;x;
PAK_fascist_dictatorship;Pakistan;Pakistan;Pakistan;;;;;;;;;;;x;
PAK_absolute_monarchy;Pakistan;Pakistan;Pakistan;;;;;;;;;;;x;
PAK_prussian_constitutionalism;Pakistan;Pakistan;Pakistan;;;;;;;;;;;x;
PAK_hms_government;Pakistan;Pakistan;Pakistan;;;;;;;;;;;x;
PAK_democracy;Pakistan;Pakistan;Pakistan;;;;;;;;;;;x;
PAK_conservative_92;Conservatives;Conservatives;Conservatives;;;;;;;;;;;x;
PAK_liberal_79;Liberals;Liberals;Liberals;;;;;;;;;;;x;
PAK_liberal_87;National Liberals;National Liberals;National Liberals;;;;;;;;;;;x;
PAK_socialist_85;Socialists;Socialists;Socialists;;;;;;;;;;;x;
PAK_socialist_99;National Socialists;National Socialists;National Socialists;;;;;;;;;;;x;
PAK_reactionary_84;Monarchy Leadership;Monarchy Leadership;Monarchy Leadership;;;;;;;;;;;x;
PAK_anarcho_liberal_93;Radical Liberals;Radical Liberals;Radical Liberals;;;;;;;;;;;x;
PAK_communist_86;Communists;Communists;Communists;;;;;;;;;;;x;
PAK_fascist_72;Fascists;Fascists;Fascists;;;;;;;;;;;x;
PHR_ADJ;Japanese;Japanese;Japanese;;;;;;;;;;;x;
PHR;IJA Insurgency;IJA Insurgency;IJA Insurgency;;;;;;;;;;;x;
PHR_proletarian_dictatorship;IJA Insurgency;IJA Insurgency;IJA Insurgency;;;;;;;;;;;x;
PHR_presidential_dictatorship;IJA Insurgency;IJA Insurgency;IJA Insurgency;;;;;;;;;;;x;
PHR_bourgeois_dictatorship;IJA Insurgency;IJA Insurgency;IJA Insurgency;;;;;;;;;;;x;
PHR_fascist_dictatorship;IJA Insurgency;IJA Insurgency;IJA Insurgency;;;;;;;;;;;x;
PHR_absolute_monarchy;IJA Insurgency;IJA Insurgency;IJA Insurgency;;;;;;;;;;;x;
PHR_prussian_constitutionalism;IJA Insurgency;IJA Insurgency;IJA Insurgency;;;;;;;;;;;x;
PHR_hms_government;IJA Insurgency;IJA Insurgency;IJA Insurgency;;;;;;;;;;;x;
PHR_democracy;IJA Insurgency;IJA Insurgency;IJA Insurgency;;;;;;;;;;;x;
PHR_conservative_92;Conservatives;Conservatives;Conservatives;;;;;;;;;;;x;
PHR_liberal_79;Liberals;Liberals;Liberals;;;;;;;;;;;x;
PHR_liberal_87;National Liberals;National Liberals;National Liberals;;;;;;;;;;;x;
PHR_socialist_85;Socialists;Socialists;Socialists;;;;;;;;;;;x;
PHR_socialist_99;National Socialists;National Socialists;National Socialists;;;;;;;;;;;x;
PHR_reactionary_84;Monarchy Leadership;Monarchy Leadership;Monarchy Leadership;;;;;;;;;;;x;
PHR_anarcho_liberal_93;Radical Liberals;Radical Liberals;Radical Liberals;;;;;;;;;;;x;
PHR_communist_86;Communists;Communists;Communists;;;;;;;;;;;x;
PHR_fascist_72;Fascists;Fascists;Fascists;;;;;;;;;;;x;
RAR_ADJ;Revolutionary;Red Army;Red Army;;;;;;;;;;;x;
RAR;West Russian Revolutionary Front;Red Army Remnants;Red Army Remnants;;;;;;;;;;;x;
RAR_conservative_92;Conservatives;Conservatives;Conservatives;;;;;;;;;;;x;
RAR_liberal_79;Liberals;Liberals;Liberals;;;;;;;;;;;x;
RAR_liberal_87;National Liberals;National Liberals;National Liberals;;;;;;;;;;;x;
RAR_socialist_85;Socialists;Socialists;Socialists;;;;;;;;;;;x;
RAR_socialist_99;National Socialists;National Socialists;National Socialists;;;;;;;;;;;x;
RAR_reactionary_84;Monarchy Leadership;Monarchy Leadership;Monarchy Leadership;;;;;;;;;;;x;
RAR_anarcho_liberal_93;Radical Liberals;Radical Liberals;Radical Liberals;;;;;;;;;;;x;
RAR_communist_86;Communists;Communists;Communists;;;;;;;;;;;x;
RAR_fascist_72;Fascists;Fascists;Fascists;;;;;;;;;;;x;
SGE_ADJ;German;German;German;;;;;;;;;;;x;
SGE;Groﬂgermanisches Reich Von Speer;Groﬂgermanisches Reich Von Speer;Groﬂgermanisches Reich Von Speer;;;;;;;;;;;x;
SGE_proletarian_dictatorship;Groﬂgermanisches Reich Von Speer;Groﬂgermanisches Reich Von Speer;Groﬂgermanisches Reich Von Speer;;;;;;;;;;;x;
SGE_presidential_dictatorship;Groﬂgermanisches Reich Von Speer;Groﬂgermanisches Reich Von Speer;Groﬂgermanisches Reich Von Speer;;;;;;;;;;;x;
SGE_bourgeois_dictatorship;Groﬂgermanisches Reich Von Speer;Groﬂgermanisches Reich Von Speer;Groﬂgermanisches Reich Von Speer;;;;;;;;;;;x;
SGE_fascist_dictatorship;Groﬂgermanisches Reich Von Speer;Groﬂgermanisches Reich Von Speer;Groﬂgermanisches Reich Von Speer;;;;;;;;;;;x;
SGE_absolute_monarchy;Groﬂgermanisches Reich Von Speer;Groﬂgermanisches Reich Von Speer;Groﬂgermanisches Reich Von Speer;;;;;;;;;;;x;
SGE_prussian_constitutionalism;Groﬂgermanisches Reich Von Speer;Groﬂgermanisches Reich Von Speer;Groﬂgermanisches Reich Von Speer;;;;;;;;;;;x;
SGE_hms_government;Groﬂgermanisches Reich Von Speer;Groﬂgermanisches Reich Von Speer;Groﬂgermanisches Reich Von Speer;;;;;;;;;;;x;
SGE_democracy;Groﬂgermanisches Reich Von Speer;Groﬂgermanisches Reich Von Speer;Groﬂgermanisches Reich Von Speer;;;;;;;;;;;x;
SGE_conservative_92;Conservatives;Conservatives;Conservatives;;;;;;;;;;;x;
SGE_liberal_79;Liberals;Liberals;Liberals;;;;;;;;;;;x;
SGE_liberal_87;National Liberals;National Liberals;National Liberals;;;;;;;;;;;x;
SGE_socialist_85;Socialists;Socialists;Socialists;;;;;;;;;;;x;
SGE_socialist_99;National Socialists;National Socialists;National Socialists;;;;;;;;;;;x;
SGE_reactionary_84;Monarchy Leadership;Monarchy Leadership;Monarchy Leadership;;;;;;;;;;;x;
SGE_anarcho_liberal_93;Radical Liberals;Radical Liberals;Radical Liberals;;;;;;;;;;;x;
SGE_communist_86;Communists;Communists;Communists;;;;;;;;;;;x;
SGE_fascist_72;Fascists;Fascists;Fascists;;;;;;;;;;;x;
SOM_ADJ;Somali;Somali;Somali;;;;;;;;;;;x;
SOM;Somalia;Somalia;Somalia;;;;;;;;;;;x;
SOM_proletarian_dictatorship;Somalia;Somalia;Somalia;;;;;;;;;;;x;
SOM_presidential_dictatorship;Somalia;Somalia;Somalia;;;;;;;;;;;x;
SOM_bourgeois_dictatorship;Somalia;Somalia;Somalia;;;;;;;;;;;x;
SOM_fascist_dictatorship;Somalia;Somalia;Somalia;;;;;;;;;;;x;
SOM_absolute_monarchy;Somalia;Somalia;Somalia;;;;;;;;;;;x;
SOM_prussian_constitutionalism;Somalia;Somalia;Somalia;;;;;;;;;;;x;
SOM_hms_government;Somalia;Somalia;Somalia;;;;;;;;;;;x;
SOM_democracy;Somalia;Somalia;Somalia;;;;;;;;;;;x;
SOM_conservative_92;Conservatives;Conservatives;Conservatives;;;;;;;;;;;x;
SOM_liberal_79;Liberals;Liberals;Liberals;;;;;;;;;;;x;
SOM_liberal_87;National Liberals;National Liberals;National Liberals;;;;;;;;;;;x;
SOM_socialist_85;Socialists;Socialists;Socialists;;;;;;;;;;;x;
SOM_socialist_99;National Socialists;National Socialists;National Socialists;;;;;;;;;;;x;
SOM_reactionary_84;Monarchy Leadership;Monarchy Leadership;Monarchy Leadership;;;;;;;;;;;x;
SOM_anarcho_liberal_93;Radical Liberals;Radical Liberals;Radical Liberals;;;;;;;;;;;x;
SOM_communist_86;Communists;Communists;Communists;;;;;;;;;;;x;
SOM_fascist_72;Fascists;Fascists;Fascists;;;;;;;;;;;x;
SUD_ADJ;Sudanese;Sudanese;Sudanese;;;;;;;;;;;x;
SUD;Sudan;Sudan;Sudan;;;;;;;;;;;x;
SUD_proletarian_dictatorship;Sudan;Sudan;Sudan;;;;;;;;;;;x;
SUD_presidential_dictatorship;Sudan;Sudan;Sudan;;;;;;;;;;;x;
SUD_bourgeois_dictatorship;Sudan;Sudan;Sudan;;;;;;;;;;;x;
SUD_fascist_dictatorship;Sudan;Sudan;Sudan;;;;;;;;;;;x;
SUD_absolute_monarchy;Sudan;Sudan;Sudan;;;;;;;;;;;x;
SUD_prussian_constitutionalism;Sudan;Sudan;Sudan;;;;;;;;;;;x;
SUD_hms_government;Sudan;Sudan;Sudan;;;;;;;;;;;x;
SUD_democracy;Sudan;Sudan;Sudan;;;;;;;;;;;x;
SUD_conservative_92;Conservatives;Conservatives;Conservatives;;;;;;;;;;;x;
SUD_liberal_79;Liberals;Liberals;Liberals;;;;;;;;;;;x;
SUD_liberal_87;National Liberals;National Liberals;National Liberals;;;;;;;;;;;x;
SUD_socialist_85;Socialists;Socialists;Socialists;;;;;;;;;;;x;
SUD_socialist_99;National Socialists;National Socialists;National Socialists;;;;;;;;;;;x;
SUD_reactionary_84;Monarchy Leadership;Monarchy Leadership;Monarchy Leadership;;;;;;;;;;;x;
SUD_anarcho_liberal_93;Radical Liberals;Radical Liberals;Radical Liberals;;;;;;;;;;;x;
SUD_communist_86;Communists;Communists;Communists;;;;;;;;;;;x;
SUD_fascist_72;Fascists;Fascists;Fascists;;;;;;;;;;;x;
WA1_ADJ;Tomsk;Tomsk;Tomsk;;;;;;;;;;;x;
WA1;Central Siberian Republic;New Tomsk Clique;New Tomsk Clique;;;;;;;;;;;x;
WA1_conservative_92;Conservatives;Conservatives;Conservatives;;;;;;;;;;;x;
WA1_liberal_79;Liberals;Liberals;Liberals;;;;;;;;;;;x;
WA1_liberal_87;National Liberals;National Liberals;National Liberals;;;;;;;;;;;x;
WA1_socialist_85;Socialists;Socialists;Socialists;;;;;;;;;;;x;
WA1_socialist_99;National Socialists;National Socialists;National Socialists;;;;;;;;;;;x;
WA1_reactionary_84;Monarchy Leadership;Monarchy Leadership;Monarchy Leadership;;;;;;;;;;;x;
WA1_anarcho_liberal_93;Radical Liberals;Radical Liberals;Radical Liberals;;;;;;;;;;;x;
WA1_communist_86;Communists;Communists;Communists;;;;;;;;;;;x;
WA1_fascist_72;Fascists;Fascists;Fascists;;;;;;;;;;;x;
WA2_ADJ;Divine;Krasnoyarsk;Krasnoyarsk;;;;;;;;;;;x;
WA2;Divine Mandate of Siberia;Krasnoyarsk;Krasnoyarsk;;;;;;;;;;;x;
WA2_conservative_92;Conservatives;Conservatives;Conservatives;;;;;;;;;;;x;
WA2_liberal_79;Liberals;Liberals;Liberals;;;;;;;;;;;x;
WA2_liberal_87;National Liberals;National Liberals;National Liberals;;;;;;;;;;;x;
WA2_socialist_85;Socialists;Socialists;Socialists;;;;;;;;;;;x;
WA2_socialist_99;National Socialists;National Socialists;National Socialists;;;;;;;;;;;x;
WA2_reactionary_84;Monarchy Leadership;Monarchy Leadership;Monarchy Leadership;;;;;;;;;;;x;
WA2_anarcho_liberal_93;Radical Liberals;Radical Liberals;Radical Liberals;;;;;;;;;;;x;
WA2_communist_86;Communists;Communists;Communists;;;;;;;;;;;x;
WA2_fascist_72;Fascists;Fascists;Fascists;;;;;;;;;;;x;
WGA_ADJ;Zentralafrikan;German;German;;;;;;;;;;;x;
WGA;Zentralafrika;Zentralafrika;Zentralafrika;;;;;;;;;;;x;
WGA_proletarian_dictatorship;Zentralafrika;Zentralafrika;Zentralafrika;;;;;;;;;;;x;
WGA_presidential_dictatorship;Zentralafrika;Zentralafrika;Zentralafrika;;;;;;;;;;;x;
WGA_bourgeois_dictatorship;Zentralafrika;Zentralafrika;Zentralafrika;;;;;;;;;;;x;
WGA_fascist_dictatorship;Zentralafrika;Zentralafrika;Zentralafrika;;;;;;;;;;;x;
WGA_absolute_monarchy;Zentralafrika;Zentralafrika;Zentralafrika;;;;;;;;;;;x;
WGA_prussian_constitutionalism;Zentralafrika;Zentralafrika;Zentralafrika;;;;;;;;;;;x;
WGA_hms_government;Zentralafrika;Zentralafrika;Zentralafrika;;;;;;;;;;;x;
WGA_democracy;Zentralafrika;Zentralafrika;Zentralafrika;;;;;;;;;;;x;
WGA_conservative_92;Conservatives;Conservatives;Conservatives;;;;;;;;;;;x;
WGA_liberal_79;Liberals;Liberals;Liberals;;;;;;;;;;;x;
WGA_liberal_87;National Liberals;National Liberals;National Liberals;;;;;;;;;;;x;
WGA_socialist_85;Socialists;Socialists;Socialists;;;;;;;;;;;x;
WGA_socialist_99;National Socialists;National Socialists;National Socialists;;;;;;;;;;;x;
WGA_reactionary_84;Monarchy Leadership;Monarchy Leadership;Monarchy Leadership;;;;;;;;;;;x;
WGA_anarcho_liberal_93;Radical Liberals;Radical Liberals;Radical Liberals;;;;;;;;;;;x;
WGA_communist_86;Communists;Communists;Communists;;;;;;;;;;;x;
WGA_fascist_72;Fascists;Fascists;Fascists;;;;;;;;;;;x;
WLE_ADJ;Welsh;Welsh;Welsh;;;;;;;;;;;x;
WLE;Wales;Wales;Wales;;;;;;;;;;;x;
WLE_proletarian_dictatorship;Wales;Wales;Wales;;;;;;;;;;;x;
WLE_presidential_dictatorship;Wales;Wales;Wales;;;;;;;;;;;x;
WLE_bourgeois_dictatorship;Wales;Wales;Wales;;;;;;;;;;;x;
WLE_fascist_dictatorship;Wales;Wales;Wales;;;;;;;;;;;x;
WLE_absolute_monarchy;Wales;Wales;Wales;;;;;;;;;;;x;
WLE_prussian_constitutionalism;Wales;Wales;Wales;;;;;;;;;;;x;
WLE_hms_government;Wales;Wales;Wales;;;;;;;;;;;x;
WLE_democracy;Wales;Wales;Wales;;;;;;;;;;;x;
WLE_conservative_92;Conservatives;Conservatives;Conservatives;;;;;;;;;;;x;
WLE_liberal_79;Liberals;Liberals;Liberals;;;;;;;;;;;x;
WLE_liberal_87;National Liberals;National Liberals;National Liberals;;;;;;;;;;;x;
WLE_socialist_85;Socialists;Socialists;Socialists;;;;;;;;;;;x;
WLE_socialist_99;National Socialists;National Socialists;National Socialists;;;;;;;;;;;x;
WLE_reactionary_84;Monarchy Leadership;Monarchy Leadership;Monarchy Leadership;;;;;;;;;;;x;
WLE_anarcho_liberal_93;Radical Liberals;Radical Liberals;Radical Liberals;;;;;;;;;;;x;
WLE_communist_86;Communists;Communists;Communists;;;;;;;;;;;x;
WLE_fascist_72;Fascists;Fascists;Fascists;;;;;;;;;;;x;
ZAM_ADJ;Zambian;Zambian;Zambian;;;;;;;;;;;x;
ZAM;Zambia;Zambia;Zambia;;;;;;;;;;;x;
ZAM_proletarian_dictatorship;Zambia;Zambia;Zambia;;;;;;;;;;;x;
ZAM_presidential_dictatorship;Zambia;Zambia;Zambia;;;;;;;;;;;x;
ZAM_bourgeois_dictatorship;Zambia;Zambia;Zambia;;;;;;;;;;;x;
ZAM_fascist_dictatorship;Zambia;Zambia;Zambia;;;;;;;;;;;x;
ZAM_absolute_monarchy;Zambia;Zambia;Zambia;;;;;;;;;;;x;
ZAM_prussian_constitutionalism;Zambia;Zambia;Zambia;;;;;;;;;;;x;
ZAM_hms_government;Zambia;Zambia;Zambia;;;;;;;;;;;x;
ZAM_democracy;Zambia;Zambia;Zambia;;;;;;;;;;;x;
ZAM_conservative_92;Conservatives;Conservatives;Conservatives;;;;;;;;;;;x;
ZAM_liberal_79;Liberals;Liberals;Liberals;;;;;;;;;;;x;
ZAM_liberal_87;National Liberals;National Liberals;National Liberals;;;;;;;;;;;x;
ZAM_socialist_85;Socialists;Socialists;Socialists;;;;;;;;;;;x;
ZAM_socialist_99;National Socialists;National Socialists;National Socialists;;;;;;;;;;;x;
ZAM_reactionary_84;Monarchy Leadership;Monarchy Leadership;Monarchy Leadership;;;;;;;;;;;x;
ZAM_anarcho_liberal_93;Radical Liberals;Radical Liberals;Radical Liberals;;;;;;;;;;;x;
ZAM_communist_86;Communists;Communists;Communists;;;;;;;;;;;x;
ZAM_fascist_72;Fascists;Fascists;Fascists;;;;;;;;;;;x;
WCH_ADJ;Chinese;Chinese;Chinese;;;;;;;;;;;x;
WCH;Republic of China;Republic of China;Republic of China;;;;;;;;;;;x;
WCH_proletarian_dictatorship;Republic of China;Republic of China;Republic of China;;;;;;;;;;;x;
WCH_presidential_dictatorship;Republic of China;Republic of China;Republic of China;;;;;;;;;;;x;
WCH_bourgeois_dictatorship;Republic of China;Republic of China;Republic of China;;;;;;;;;;;x;
WCH_fascist_dictatorship;Republic of China;Republic of China;Republic of China;;;;;;;;;;;x;
WCH_absolute_monarchy;Republic of China;Republic of China;Republic of China;;;;;;;;;;;x;
WCH_prussian_constitutionalism;Republic of China;Republic of China;Republic of China;;;;;;;;;;;x;
WCH_hms_government;Republic of China;Republic of China;Republic of China;;;;;;;;;;;x;
WCH_democracy;Republic of China;Republic of China;Republic of China;;;;;;;;;;;x;
WCH_conservative_92;Conservatives;Conservatives;Conservatives;;;;;;;;;;;x;
WCH_liberal_79;Liberals;Liberals;Liberals;;;;;;;;;;;x;
WCH_liberal_87;National Liberals;National Liberals;National Liberals;;;;;;;;;;;x;
WCH_socialist_85;Socialists;Socialists;Socialists;;;;;;;;;;;x;
WCH_socialist_99;National Socialists;National Socialists;National Socialists;;;;;;;;;;;x;
WCH_reactionary_84;Monarchy Leadership;Monarchy Leadership;Monarchy Leadership;;;;;;;;;;;x;
WCH_anarcho_liberal_93;Radical Liberals;Radical Liberals;Radical Liberals;;;;;;;;;;;x;
WCH_communist_86;Communists;Communists;Communists;;;;;;;;;;;x;
WCH_fascist_72;Fascists;Fascists;Fascists;;;;;;;;;;;x;
ALP_ADJ;Alpine;Alpine;Alpine;;;;;;;;;;;x;
ALP;Transalpine Union;Transalpine Union;Transalpine Union;;;;;;;;;;;x;
ALP_proletarian_dictatorship;Transalpine Union;Transalpine Union;Transalpine Union;;;;;;;;;;;x;
ALP_presidential_dictatorship;Transalpine Union;Transalpine Union;Transalpine Union;;;;;;;;;;;x;
ALP_bourgeois_dictatorship;Transalpine Union;Transalpine Union;Transalpine Union;;;;;;;;;;;x;
ALP_fascist_dictatorship;Transalpine Union;Transalpine Union;Transalpine Union;;;;;;;;;;;x;
ALP_absolute_monarchy;Transalpine Union;Transalpine Union;Transalpine Union;;;;;;;;;;;x;
ALP_prussian_constitutionalism;Transalpine Union;Transalpine Union;Transalpine Union;;;;;;;;;;;x;
ALP_hms_government;Transalpine Union;Transalpine Union;Transalpine Union;;;;;;;;;;;x;
ALP_democracy;Transalpine Union;Transalpine Union;Transalpine Union;;;;;;;;;;;x;
SOV_ADJ;Soviet;Soviet;Soviet;;;;;;;;;;;x;
SOV;Soviet Union;Soviet Union;Soviet Union;;;;;;;;;;;x;
SOV_proletarian_dictatorship;Soviet Union;Soviet Union;Soviet Union;;;;;;;;;;;x;
SOV_presidential_dictatorship;Soviet Union;Soviet Union;Soviet Union;;;;;;;;;;;x;
SOV_bourgeois_dictatorship;Soviet Union;Soviet Union;Soviet Union;;;;;;;;;;;x;
SOV_fascist_dictatorship;Soviet Union;Soviet Union;Soviet Union;;;;;;;;;;;x;
SOV_absolute_monarchy;Soviet Union;Soviet Union;Soviet Union;;;;;;;;;;;x;
SOV_prussian_constitutionalism;Soviet Union;Soviet Union;Soviet Union;;;;;;;;;;;x;
SOV_hms_government;Soviet Union;Soviet Union;Soviet Union;;;;;;;;;;;x;
SOV_democracy;Soviet Union;Soviet Union;Soviet Union;;;;;;;;;;;x;
SOV_conservative_92;Conservatives;Conservatives;Conservatives;;;;;;;;;;;x;
SOV_liberal_79;Liberals;Liberals;Liberals;;;;;;;;;;;x;
SOV_liberal_87;National Liberals;National Liberals;National Liberals;;;;;;;;;;;x;
SOV_socialist_85;Socialists;Socialists;Socialists;;;;;;;;;;;x;
SOV_socialist_99;National Socialists;National Socialists;National Socialists;;;;;;;;;;;x;
SOV_reactionary_84;Monarchy Leadership;Monarchy Leadership;Monarchy Leadership;;;;;;;;;;;x;
SOV_anarcho_liberal_93;Radical Liberals;Radical Liberals;Radical Liberals;;;;;;;;;;;x;
SOV_communist_86;Communists;Communists;Communists;;;;;;;;;;;x;
SOV_fascist_72;Fascists;Fascists;Fascists;;;;;;;;;;;x;
KHI_proletarian_dictatorship;Socialist Republic of Turkmenistan;;;;;;;;;;;;;x;
BUK_proletarian_dictatorship;Uzbek People's Soviet Republic;;;;;;;;;;;;;x;
KOK_proletarian_dictatorship;Kyrgyz and Tajik Soviet Territories;;;;;;;;;;;;;x;
NPO_ADJ;Nowa;Nowa;Nowa;;;;;;;;;;;x;
NPO;Nowa Polska;Nowa Polska;Nowa Polska;;;;;;;;;;;x;
NPO_proletarian_dictatorship;Nowa Polska;Nowa Polska;Nowa Polska;;;;;;;;;;;x;
NPO_presidential_dictatorship;Nowa Polska;Nowa Polska;Nowa Polska;;;;;;;;;;;x;
NPO_bourgeois_dictatorship;Nowa Polska;Nowa Polska;Nowa Polska;;;;;;;;;;;x;
NPO_fascist_dictatorship;Nowa Polska;Nowa Polska;Nowa Polska;;;;;;;;;;;x;
NPO_absolute_monarchy;Nowa Polska;Nowa Polska;Nowa Polska;;;;;;;;;;;x;
NPO_prussian_constitutionalism;Nowa Polska;Nowa Polska;Nowa Polska;;;;;;;;;;;x;
NPO_hms_government;Nowa Polska;Nowa Polska;Nowa Polska;;;;;;;;;;;x;
NPO_democracy;Nowa Polska;Nowa Polska;Nowa Polska;;;;;;;;;;;x;
NPO_conservative_92;Conservatives;Conservatives;Conservatives;;;;;;;;;;;x;
NPO_liberal_79;Liberals;Liberals;Liberals;;;;;;;;;;;x;
NPO_liberal_87;National Liberals;National Liberals;National Liberals;;;;;;;;;;;x;
NPO_socialist_85;Socialists;Socialists;Socialists;;;;;;;;;;;x;
NPO_socialist_99;National Socialists;National Socialists;National Socialists;;;;;;;;;;;x;
NPO_reactionary_84;Monarchy Leadership;Monarchy Leadership;Monarchy Leadership;;;;;;;;;;;x;
NPO_anarcho_liberal_93;Radical Liberals;Radical Liberals;Radical Liberals;;;;;;;;;;;x;
NPO_communist_86;Communists;Communists;Communists;;;;;;;;;;;x;
NPO_fascist_72;Fascists;Fascists;Fascists;;;;;;;;;;;x;
CHI;People's Republic of China;;;;;;;;;;;;;x;
CHI_proletarian_dictatorship;People's Republic of China;;;;;;;;;;;;;x;
CHI_presidential_dictatorship;Reorganized Chinese Government;;;;;;;;;;;;;x;
CHI_bourgeois_dictatorship;People's Republic of China;;;;;;;;;;;;;x;
CHI_fascist_dictatorship;Nationalist China;;;;;;;;;;;;;x;
CHI_absolute_monarchy;The Chinese Empire;;;;;;;;;;;;;x;
CHI_prussian_constitutionalism;The Chinese Empire;;;;;;;;;;;;;x;
CHI_hms_government;The Chinese Empire;;;;;;;;;;;;;x;
CHI_democracy;People's Republic of China;;;;;;;;;;;;;x;
OFN_ADJ;O.F.N.;;;;;;;;;;;;;x;
OFN;O.F.N. Trust Territory;;;;;;;;;;;;;x;
LOW_ADJ;United Low;United Low;United Low;;;;;;;;;;;x;
LOW;United Lowlands;United Lowlands;United Lowlands;;;;;;;;;;;x;
LOW_proletarian_dictatorship;United Lowlands;United Lowlands;United Lowlands;;;;;;;;;;;x;
LOW_presidential_dictatorship;United Lowlands;United Lowlands;United Lowlands;;;;;;;;;;;x;
LOW_bourgeois_dictatorship;United Lowlands;United Lowlands;United Lowlands;;;;;;;;;;;x;
LOW_fascist_dictatorship;United Lowlands;United Lowlands;United Lowlands;;;;;;;;;;;x;
LOW_absolute_monarchy;United Lowlands;United Lowlands;United Lowlands;;;;;;;;;;;x;
LOW_prussian_constitutionalism;United Lowlands;United Lowlands;United Lowlands;;;;;;;;;;;x;
LOW_hms_government;United Lowlands;United Lowlands;United Lowlands;;;;;;;;;;;x;
LOW_democracy;United Lowlands;United Lowlands;United Lowlands;;;;;;;;;;;x;
LOW_conservative_92;Conservatives;Conservatives;Conservatives;;;;;;;;;;;x;
LOW_liberal_79;Liberals;Liberals;Liberals;;;;;;;;;;;x;
LOW_liberal_87;National Liberals;National Liberals;National Liberals;;;;;;;;;;;x;
LOW_socialist_85;Socialists;Socialists;Socialists;;;;;;;;;;;x;
LOW_socialist_99;National Socialists;National Socialists;National Socialists;;;;;;;;;;;x;
LOW_reactionary_84;Monarchy Leadership;Monarchy Leadership;Monarchy Leadership;;;;;;;;;;;x;
LOW_anarcho_liberal_93;Radical Liberals;Radical Liberals;Radical Liberals;;;;;;;;;;;x;
LOW_communist_86;Communists;Communists;Communists;;;;;;;;;;;x;
LOW_fascist_72;Fascists;Fascists;Fascists;;;;;;;;;;;x;
HD2;Republic of India;Inde;Indien;;India;;;;;;;;;x;;
HD2_ADJ;Indian;Indien;Indisch;;Indio;;;;;;;;;x;;
CDN_ADJ;Displaced;Displaced;Displaced;;;;;;;;;;;x;
CDN;Council of Displaced Nations;Council of Displaced Nations;Council of Displaced Nations;;;;;;;;;;;x;
CDN_proletarian_dictatorship;Council of Displaced Nations;Council of Displaced Nations;Council of Displaced Nations;;;;;;;;;;;x;
CDN_presidential_dictatorship;Council of Displaced Nations;Council of Displaced Nations;Council of Displaced Nations;;;;;;;;;;;x;
CDN_bourgeois_dictatorship;Council of Displaced Nations;Council of Displaced Nations;Council of Displaced Nations;;;;;;;;;;;x;
CDN_fascist_dictatorship;Council of Displaced Nations;Council of Displaced Nations;Council of Displaced Nations;;;;;;;;;;;x;
CDN_absolute_monarchy;Council of Displaced Nations;Council of Displaced Nations;Council of Displaced Nations;;;;;;;;;;;x;
CDN_prussian_constitutionalism;Council of Displaced Nations;Council of Displaced Nations;Council of Displaced Nations;;;;;;;;;;;x;
CDN_hms_government;Council of Displaced Nations;Council of Displaced Nations;Council of Displaced Nations;;;;;;;;;;;x;
CDN_democracy;Council of Displaced Nations;Council of Displaced Nations;Council of Displaced Nations;;;;;;;;;;;x;
CDN_conservative_92;Conservatives;Conservatives;Conservatives;;;;;;;;;;;x;
CDN_liberal_79;Liberals;Liberals;Liberals;;;;;;;;;;;x;
CDN_liberal_87;National Liberals;National Liberals;National Liberals;;;;;;;;;;;x;
CDN_socialist_85;Socialists;Socialists;Socialists;;;;;;;;;;;x;
CDN_socialist_99;National Socialists;National Socialists;National Socialists;;;;;;;;;;;x;
CDN_reactionary_84;Monarchy Leadership;Monarchy Leadership;Monarchy Leadership;;;;;;;;;;;x;
CDN_anarcho_liberal_93;Radical Liberals;Radical Liberals;Radical Liberals;;;;;;;;;;;x;
CDN_communist_86;Communists;Communists;Communists;;;;;;;;;;;x;
CDN_fascist_72;Fascists;Fascists;Fascists;;;;;;;;;;;x;
NOR_fascist_dictatorship;Nasjonal Samling;x;
BEF_ADJ;British;British;British;;;;;;;;;;;x;
BEF;British Empire Expeditionary Force;British Empire Expeditionary Force;British Empire Expeditionary Force;;;;;;;;;;;x;
BEF_proletarian_dictatorship;British Commune Expeditionary Force;British Commune Expeditionary Force;British Commune Expeditionary Force;;;;;;;;;;;x;
BEF_presidential_dictatorship;British Empire Expeditionary Force;British Empire Expeditionary Force;British Empire Expeditionary Force;;;;;;;;;;;x;
BEF_bourgeois_dictatorship;British Empire Expeditionary Force;British Empire Expeditionary Force;British Empire Expeditionary Force;;;;;;;;;;;x;
BEF_fascist_dictatorship;British Empire Expeditionary Force;British Empire Expeditionary Force;British Empire Expeditionary Force;;;;;;;;;;;x;
BEF_absolute_monarchy;British Empire Expeditionary Force;British Empire Expeditionary Force;British Empire Expeditionary Force;;;;;;;;;;;x;
BEF_prussian_constitutionalism;British Empire Expeditionary Force;British Empire Expeditionary Force;British Empire Expeditionary Force;;;;;;;;;;;x;
BEF_hms_government;British Empire Expeditionary Force;British Empire Expeditionary Force;British Empire Expeditionary Force;;;;;;;;;;;x;
BEF_democracy;British State Expeditionary Force;British State Expeditionary Force;British State Expeditionary Force;;;;;;;;;;;x;
BEF_conservative_92;Conservatives;Conservatives;Conservatives;;;;;;;;;;;x;
BEF_liberal_79;Liberals;Liberals;Liberals;;;;;;;;;;;x;
BEF_liberal_87;National Liberals;National Liberals;National Liberals;;;;;;;;;;;x;
BEF_socialist_85;Socialists;Socialists;Socialists;;;;;;;;;;;x;
BEF_socialist_99;National Socialists;National Socialists;National Socialists;;;;;;;;;;;x;
BEF_reactionary_84;Monarchy Leadership;Monarchy Leadership;Monarchy Leadership;;;;;;;;;;;x;
BEF_anarcho_liberal_93;Radical Liberals;Radical Liberals;Radical Liberals;;;;;;;;;;;x;
BEF_communist_86;Communists;Communists;Communists;;;;;;;;;;;x;
BEF_fascist_72;Fascists;Fascists;Fascists;;;;;;;;;;;x;
GLO_ADJ;Low;Low;Low;;;;;;;;;;;x;
GLO;Benelux Deutschheim;Reichskom. Lowlands;Reichskom. Lowlands;;;;;;;;;;;x;
GLO_proletarian_dictatorship;Reichskom. Lowlands;Reichskom. Lowlands;Reichskom. Lowlands;;;;;;;;;;;x;
GLO_presidential_dictatorship;Reichskom. Lowlands;Reichskom. Lowlands;Reichskom. Lowlands;;;;;;;;;;;x;
GLO_bourgeois_dictatorship;Reichskom. Lowlands;Reichskom. Lowlands;Reichskom. Lowlands;;;;;;;;;;;x;
GLO_fascist_dictatorship;Reichskom. Lowlands;Reichskom. Lowlands;Reichskom. Lowlands;;;;;;;;;;;x;
GLO_absolute_monarchy;Reichskom. Lowlands;Reichskom. Lowlands;Reichskom. Lowlands;;;;;;;;;;;x;
GLO_prussian_constitutionalism;Reichskom. Lowlands;Reichskom. Lowlands;Reichskom. Lowlands;;;;;;;;;;;x;
GLO_hms_government;Reichskom. Lowlands;Reichskom. Lowlands;Reichskom. Lowlands;;;;;;;;;;;x;
GLO_democracy;Reichskom. Lowlands;Reichskom. Lowlands;Reichskom. Lowlands;;;;;;;;;;;x;
GLO_conservative_92;Conservatives;Conservatives;Conservatives;;;;;;;;;;;x;
GLO_liberal_79;Liberals;Liberals;Liberals;;;;;;;;;;;x;
GLO_liberal_87;National Liberals;National Liberals;National Liberals;;;;;;;;;;;x;
GLO_socialist_85;Socialists;Socialists;Socialists;;;;;;;;;;;x;
GLO_socialist_99;National Socialists;National Socialists;National Socialists;;;;;;;;;;;x;
GLO_reactionary_84;Monarchy Leadership;Monarchy Leadership;Monarchy Leadership;;;;;;;;;;;x;
GLO_anarcho_liberal_93;Radical Liberals;Radical Liberals;Radical Liberals;;;;;;;;;;;x;
GLO_communist_86;Communists;Communists;Communists;;;;;;;;;;;x;
GLO_fascist_72;Fascists;Fascists;Fascists;;;;;;;;;;;x;
GSC_ADJ;Skandinavian;Skandinavian;Skandinavian;;;;;;;;;;;x;
GSC;Skandinavien Deutschheim;Reichskom. Skandinavien;Reichskom. Skandinavien;;;;;;;;;;;x;
GSC_proletarian_dictatorship;Reichskom. Skandinavien;Reichskom. Skandinavien;Reichskom. Skandinavien;;;;;;;;;;;x;
GSC_presidential_dictatorship;Reichskom. Skandinavien;Reichskom. Skandinavien;Reichskom. Skandinavien;;;;;;;;;;;x;
GSC_bourgeois_dictatorship;Reichskom. Skandinavien;Reichskom. Skandinavien;Reichskom. Skandinavien;;;;;;;;;;;x;
GSC_fascist_dictatorship;Reichskom. Skandinavien;Reichskom. Skandinavien;Reichskom. Skandinavien;;;;;;;;;;;x;
GSC_absolute_monarchy;Reichskom. Skandinavien;Reichskom. Skandinavien;Reichskom. Skandinavien;;;;;;;;;;;x;
GSC_prussian_constitutionalism;Reichskom. Skandinavien;Reichskom. Skandinavien;Reichskom. Skandinavien;;;;;;;;;;;x;
GSC_hms_government;Reichskom. Skandinavien;Reichskom. Skandinavien;Reichskom. Skandinavien;;;;;;;;;;;x;
GSC_democracy;Reichskom. Skandinavien;Reichskom. Skandinavien;Reichskom. Skandinavien;;;;;;;;;;;x;
GSC_conservative_92;Conservatives;Conservatives;Conservatives;;;;;;;;;;;x;
GSC_liberal_79;Liberals;Liberals;Liberals;;;;;;;;;;;x;
GSC_liberal_87;National Liberals;National Liberals;National Liberals;;;;;;;;;;;x;
GSC_socialist_85;Socialists;Socialists;Socialists;;;;;;;;;;;x;
GSC_socialist_99;National Socialists;National Socialists;National Socialists;;;;;;;;;;;x;
GSC_reactionary_84;Monarchy Leadership;Monarchy Leadership;Monarchy Leadership;;;;;;;;;;;x;
GSC_anarcho_liberal_93;Radical Liberals;Radical Liberals;Radical Liberals;;;;;;;;;;;x;
GSC_communist_86;Communists;Communists;Communists;;;;;;;;;;;x;
GSC_fascist_72;Fascists;Fascists;Fascists;;;;;;;;;;;x;
GBA_ADJ;Balkan;Balkan;Balkan;;;;;;;;;;;x;
GBA;Balkanhalbinsel Deutschheim;Reichskom. Balkanhalbinsel ;Reichskom. Balkanhalbinsel ;;;;;;;;;;;x;
GBA_proletarian_dictatorship;Reichskom. Balkanhalbinsel ;Reichskom. Balkanhalbinsel ;Reichskom. Balkanhalbinsel ;;;;;;;;;;;x;
GBA_presidential_dictatorship;Reichskom. Balkanhalbinsel ;Reichskom. Balkanhalbinsel ;Reichskom. Balkanhalbinsel ;;;;;;;;;;;x;
GBA_bourgeois_dictatorship;Reichskom. Balkanhalbinsel ;Reichskom. Balkanhalbinsel ;Reichskom. Balkanhalbinsel ;;;;;;;;;;;x;
GBA_fascist_dictatorship;Reichskom. Balkanhalbinsel ;Reichskom. Balkanhalbinsel ;Reichskom. Balkanhalbinsel ;;;;;;;;;;;x;
GBA_absolute_monarchy;Reichskom. Balkanhalbinsel ;Reichskom. Balkanhalbinsel ;Reichskom. Balkanhalbinsel ;;;;;;;;;;;x;
GBA_prussian_constitutionalism;Reichskom. Balkanhalbinsel ;Reichskom. Balkanhalbinsel ;Reichskom. Balkanhalbinsel ;;;;;;;;;;;x;
GBA_hms_government;Reichskom. Balkanhalbinsel ;Reichskom. Balkanhalbinsel ;Reichskom. Balkanhalbinsel ;;;;;;;;;;;x;
GBA_democracy;Reichskom. Balkanhalbinsel ;Reichskom. Balkanhalbinsel ;Reichskom. Balkanhalbinsel ;;;;;;;;;;;x;
GBA_conservative_92;Conservatives;Conservatives;Conservatives;;;;;;;;;;;x;
GBA_liberal_79;Liberals;Liberals;Liberals;;;;;;;;;;;x;
GBA_liberal_87;National Liberals;National Liberals;National Liberals;;;;;;;;;;;x;
GBA_socialist_85;Socialists;Socialists;Socialists;;;;;;;;;;;x;
GBA_socialist_99;National Socialists;National Socialists;National Socialists;;;;;;;;;;;x;
GBA_reactionary_84;Monarchy Leadership;Monarchy Leadership;Monarchy Leadership;;;;;;;;;;;x;
GBA_anarcho_liberal_93;Radical Liberals;Radical Liberals;Radical Liberals;;;;;;;;;;;x;
GBA_communist_86;Communists;Communists;Communists;;;;;;;;;;;x;
GBA_fascist_72;Fascists;Fascists;Fascists;;;;;;;;;;;x;
GFR_ADJ;Gallien;Gallien;Gallien;;;;;;;;;;;x;
GFR;Gallien Deutschheim;Reichskom. Gallien;Reichskom. Gallien;;;;;;;;;;;x;
GFR_proletarian_dictatorship;Reichskom. Gallien;Reichskom. Gallien;Reichskom. Gallien;;;;;;;;;;;x;
GFR_presidential_dictatorship;Reichskom. Gallien;Reichskom. Gallien;Reichskom. Gallien;;;;;;;;;;;x;
GFR_bourgeois_dictatorship;Reichskom. Gallien;Reichskom. Gallien;Reichskom. Gallien;;;;;;;;;;;x;
GFR_fascist_dictatorship;Reichskom. Gallien;Reichskom. Gallien;Reichskom. Gallien;;;;;;;;;;;x;
GFR_absolute_monarchy;Reichskom. Gallien;Reichskom. Gallien;Reichskom. Gallien;;;;;;;;;;;x;
GFR_prussian_constitutionalism;Reichskom. Gallien;Reichskom. Gallien;Reichskom. Gallien;;;;;;;;;;;x;
GFR_hms_government;Reichskom. Gallien;Reichskom. Gallien;Reichskom. Gallien;;;;;;;;;;;x;
GFR_democracy;Reichskom. Gallien;Reichskom. Gallien;Reichskom. Gallien;;;;;;;;;;;x;
GFR_conservative_92;Conservatives;Conservatives;Conservatives;;;;;;;;;;;x;
GFR_liberal_79;Liberals;Liberals;Liberals;;;;;;;;;;;x;
GFR_liberal_87;National Liberals;National Liberals;National Liberals;;;;;;;;;;;x;
GFR_socialist_85;Socialists;Socialists;Socialists;;;;;;;;;;;x;
GFR_socialist_99;National Socialists;National Socialists;National Socialists;;;;;;;;;;;x;
GFR_reactionary_84;Monarchy Leadership;Monarchy Leadership;Monarchy Leadership;;;;;;;;;;;x;
GFR_anarcho_liberal_93;Radical Liberals;Radical Liberals;Radical Liberals;;;;;;;;;;;x;
GFR_communist_86;Communists;Communists;Communists;;;;;;;;;;;x;
GFR_fascist_72;Fascists;Fascists;Fascists;;;;;;;;;;;x;
BOH_fascist_dictatorship;Bohemia-Moravia;BohÍme-Moravie;Bˆhmen-M‰hren;;Bohemia-Moravia;;;;;;;;;x;;;;
BOH;Czech Republic;BohÍme-Moravie;Bˆhmen-M‰hren;;Bohemia-Moravia;;;;;;;;;x;;;;
NUK_ADJ;Nuclear Wasteland;x
NUK;Nuclear Wasteland;x
NUK_conservative_92;Conservatives;Conservatives;Conservatives;;;;;;;;;;;x;
NUK_liberal_79;Liberals;Liberals;Liberals;;;;;;;;;;;x;
NUK_liberal_87;National Liberals;National Liberals;National Liberals;;;;;;;;;;;x;
NUK_socialist_85;Socialists;Socialists;Socialists;;;;;;;;;;;x;
NUK_socialist_99;National Socialists;National Socialists;National Socialists;;;;;;;;;;;x;
NUK_reactionary_84;Monarchy Leadership;Monarchy Leadership;Monarchy Leadership;;;;;;;;;;;x;
NUK_anarcho_liberal_93;Radical Liberals;Radical Liberals;Radical Liberals;;;;;;;;;;;x;
NUK_communist_86;Communists;Communists;Communists;;;;;;;;;;;x;
NUK_fascist_72;Fascists;Fascists;Fascists;;;;;;;;;;;x;
GE2_ADJ;German;German;German;;;;;;;;;;;x;
GE2;Germany;x
GE2_proletarian_dictatorship;Deutsche Demokratische Republik;x
GE2_presidential_dictatorship;Groﬂgermanisches Reich;x
GE2_bourgeois_dictatorship;Groﬂgermanisches Reich;x
GE2_fascist_dictatorship;Groﬂgermanisches Reich;x
GE2_absolute_monarchy;German Reich;x
GE2_prussian_constitutionalism;German Reich;x
GE2_hms_government;German Reich;x
GE2_democracy;Federal Republic of Germany;x
IAL_ADJ;Italian;Italian;Italian;;;;;;;;;;;x;
IAL;Territorio Militare Algerino;Territorio Militare Algerino;Territorio Militare Algerino;;;;;;;;;;;x;
IAL_proletarian_dictatorship;Territorio Militare Algerino;Territorio Militare Algerino;Territorio Militare Algerino;;;;;;;;;;;x;
IAL_presidential_dictatorship;Territorio Militare Algerino;Territorio Militare Algerino;Territorio Militare Algerino;;;;;;;;;;;x;
IAL_bourgeois_dictatorship;Territorio Militare Algerino;Territorio Militare Algerino;Territorio Militare Algerino;;;;;;;;;;;x;
IAL_fascist_dictatorship;Territorio Militare Algerino;Territorio Militare Algerino;Territorio Militare Algerino;;;;;;;;;;;x;
IAL_absolute_monarchy;Territorio Militare Algerino;Territorio Militare Algerino;Territorio Militare Algerino;;;;;;;;;;;x;
IAL_prussian_constitutionalism;Territorio Militare Algerino;Territorio Militare Algerino;Territorio Militare Algerino;;;;;;;;;;;x;
IAL_hms_government;Territorio Militare Algerino;Territorio Militare Algerino;Territorio Militare Algerino;;;;;;;;;;;x;
IAL_democracy;Territorio Militare Algerino;Territorio Militare Algerino;Territorio Militare Algerino;;;;;;;;;;;x;
IAL_conservative_92;Conservatives;Conservatives;Conservatives;;;;;;;;;;;x;
IAL_liberal_79;Liberals;Liberals;Liberals;;;;;;;;;;;x;
IAL_liberal_87;National Liberals;National Liberals;National Liberals;;;;;;;;;;;x;
IAL_socialist_85;Socialists;Socialists;Socialists;;;;;;;;;;;x;
IAL_socialist_99;National Socialists;National Socialists;National Socialists;;;;;;;;;;;x;
IAL_reactionary_84;Monarchy Leadership;Monarchy Leadership;Monarchy Leadership;;;;;;;;;;;x;
IAL_anarcho_liberal_93;Radical Liberals;Radical Liberals;Radical Liberals;;;;;;;;;;;x;
IAL_communist_86;Communists;Communists;Communists;;;;;;;;;;;x;
IAL_fascist_72;Fascists;Fascists;Fascists;;;;;;;;;;;x;
IET_ADJ;Italian;Italian;Italian;;;;;;;;;;;x;
IET;Africa Orientale Italiana;Africa Orientale Italiana;Africa Orientale Italiana;;;;;;;;;;;x;
IET_proletarian_dictatorship;Africa Orientale Italiana;Africa Orientale Italiana;Africa Orientale Italiana;;;;;;;;;;;x;
IET_presidential_dictatorship;Africa Orientale Italiana;Africa Orientale Italiana;Africa Orientale Italiana;;;;;;;;;;;x;
IET_bourgeois_dictatorship;Africa Orientale Italiana;Africa Orientale Italiana;Africa Orientale Italiana;;;;;;;;;;;x;
IET_fascist_dictatorship;Africa Orientale Italiana;Africa Orientale Italiana;Africa Orientale Italiana;;;;;;;;;;;x;
IET_absolute_monarchy;Africa Orientale Italiana;Africa Orientale Italiana;Africa Orientale Italiana;;;;;;;;;;;x;
IET_prussian_constitutionalism;Africa Orientale Italiana;Africa Orientale Italiana;Africa Orientale Italiana;;;;;;;;;;;x;
IET_hms_government;Africa Orientale Italiana;Africa Orientale Italiana;Africa Orientale Italiana;;;;;;;;;;;x;
IET_democracy;Africa Orientale Italiana;Africa Orientale Italiana;Africa Orientale Italiana;;;;;;;;;;;x;
IET_conservative_92;Conservatives;Conservatives;Conservatives;;;;;;;;;;;x;
IET_liberal_79;Liberals;Liberals;Liberals;;;;;;;;;;;x;
IET_liberal_87;National Liberals;National Liberals;National Liberals;;;;;;;;;;;x;
IET_socialist_85;Socialists;Socialists;Socialists;;;;;;;;;;;x;
IET_socialist_99;National Socialists;National Socialists;National Socialists;;;;;;;;;;;x;
IET_reactionary_84;Monarchy Leadership;Monarchy Leadership;Monarchy Leadership;;;;;;;;;;;x;
IET_anarcho_liberal_93;Radical Liberals;Radical Liberals;Radical Liberals;;;;;;;;;;;x;
IET_communist_86;Communists;Communists;Communists;;;;;;;;;;;x;
IET_fascist_72;Fascists;Fascists;Fascists;;;;;;;;;;;x;
IGY_ADJ;Egyptian;Italian;Italian;;;;;;;;;;;x;
IGY;Regno D'Egitto;Regno D'Egitto;Regno D'Egitto;;;;;;;;;;;x;
IGY_proletarian_dictatorship;Regno D'Egitto;Regno D'Egitto;Regno D'Egitto;;;;;;;;;;;x;
IGY_presidential_dictatorship;Regno D'Egitto;Regno D'Egitto;Regno D'Egitto;;;;;;;;;;;x;
IGY_bourgeois_dictatorship;Regno D'Egitto;Regno D'Egitto;Regno D'Egitto;;;;;;;;;;;x;
IGY_fascist_dictatorship;Regno D'Egitto;Regno D'Egitto;Regno D'Egitto;;;;;;;;;;;x;
IGY_absolute_monarchy;Regno D'Egitto;Regno D'Egitto;Regno D'Egitto;;;;;;;;;;;x;
IGY_prussian_constitutionalism;Regno D'Egitto;Regno D'Egitto;Regno D'Egitto;;;;;;;;;;;x;
IGY_hms_government;Regno D'Egitto;Regno D'Egitto;Regno D'Egitto;;;;;;;;;;;x;
IGY_democracy;Regno D'Egitto;Regno D'Egitto;Regno D'Egitto;;;;;;;;;;;x;
IGY_conservative_92;Conservatives;Conservatives;Conservatives;;;;;;;;;;;x;
IGY_liberal_79;Liberals;Liberals;Liberals;;;;;;;;;;;x;
IGY_liberal_87;National Liberals;National Liberals;National Liberals;;;;;;;;;;;x;
IGY_socialist_85;Socialists;Socialists;Socialists;;;;;;;;;;;x;
IGY_socialist_99;National Socialists;National Socialists;National Socialists;;;;;;;;;;;x;
IGY_reactionary_84;Monarchy Leadership;Monarchy Leadership;Monarchy Leadership;;;;;;;;;;;x;
IGY_anarcho_liberal_93;Radical Liberals;Radical Liberals;Radical Liberals;;;;;;;;;;;x;
IGY_communist_86;Communists;Communists;Communists;;;;;;;;;;;x;
IGY_fascist_72;Fascists;Fascists;Fascists;;;;;;;;;;;x;
IIS_ADJ;Levantine;Italian;Italian;;;;;;;;;;;x;
IIS;Governatorato del Levante;Governatorato del Levante;Governatorato del Levante;;;;;;;;;;;x;
IIS_proletarian_dictatorship;Governatorato del Levante;Governatorato del Levante;Governatorato del Levante;;;;;;;;;;;x;
IIS_presidential_dictatorship;Governatorato del Levante;Governatorato del Levante;Governatorato del Levante;;;;;;;;;;;x;
IIS_bourgeois_dictatorship;Governatorato del Levante;Governatorato del Levante;Governatorato del Levante;;;;;;;;;;;x;
IIS_fascist_dictatorship;Governatorato del Levante;Governatorato del Levante;Governatorato del Levante;;;;;;;;;;;x;
IIS_absolute_monarchy;Governatorato del Levante;Governatorato del Levante;Governatorato del Levante;;;;;;;;;;;x;
IIS_prussian_constitutionalism;Governatorato del Levante;Governatorato del Levante;Governatorato del Levante;;;;;;;;;;;x;
IIS_hms_government;Governatorato del Levante;Governatorato del Levante;Governatorato del Levante;;;;;;;;;;;x;
IIS_democracy;Governatorato del Levante;Governatorato del Levante;Governatorato del Levante;;;;;;;;;;;x;
IIS_conservative_92;Conservatives;Conservatives;Conservatives;;;;;;;;;;;x;
IIS_liberal_79;Liberals;Liberals;Liberals;;;;;;;;;;;x;
IIS_liberal_87;National Liberals;National Liberals;National Liberals;;;;;;;;;;;x;
IIS_socialist_85;Socialists;Socialists;Socialists;;;;;;;;;;;x;
IIS_socialist_99;National Socialists;National Socialists;National Socialists;;;;;;;;;;;x;
IIS_reactionary_84;Monarchy Leadership;Monarchy Leadership;Monarchy Leadership;;;;;;;;;;;x;
IIS_anarcho_liberal_93;Radical Liberals;Radical Liberals;Radical Liberals;;;;;;;;;;;x;
IIS_communist_86;Communists;Communists;Communists;;;;;;;;;;;x;
IIS_fascist_72;Fascists;Fascists;Fascists;;;;;;;;;;;x;
SAL_ADJ;Iberian;Iberian;Iberian;;;;;;;;;;;x;
SAL;Comando Militar Argelino;Comando Militar Argelino;Comando Militar Argelino;;;;;;;;;;;x;
SAL_proletarian_dictatorship;Comando Militar Argelino;Comando Militar Argelino;Comando Militar Argelino;;;;;;;;;;;x;
SAL_presidential_dictatorship;Comando Militar Argelino;Comando Militar Argelino;Comando Militar Argelino;;;;;;;;;;;x;
SAL_bourgeois_dictatorship;Comando Militar Argelino;Comando Militar Argelino;Comando Militar Argelino;;;;;;;;;;;x;
SAL_fascist_dictatorship;Comando Militar Argelino;Comando Militar Argelino;Comando Militar Argelino;;;;;;;;;;;x;
SAL_absolute_monarchy;Comando Militar Argelino;Comando Militar Argelino;Comando Militar Argelino;;;;;;;;;;;x;
SAL_prussian_constitutionalism;Comando Militar Argelino;Comando Militar Argelino;Comando Militar Argelino;;;;;;;;;;;x;
SAL_hms_government;Comando Militar Argelino;Comando Militar Argelino;Comando Militar Argelino;;;;;;;;;;;x;
SAL_democracy;Comando Militar Argelino;Comando Militar Argelino;Comando Militar Argelino;;;;;;;;;;;x;
SAL_conservative_92;Conservatives;Conservatives;Conservatives;;;;;;;;;;;x;
SAL_liberal_79;Liberals;Liberals;Liberals;;;;;;;;;;;x;
SAL_liberal_87;National Liberals;National Liberals;National Liberals;;;;;;;;;;;x;
SAL_socialist_85;Socialists;Socialists;Socialists;;;;;;;;;;;x;
SAL_socialist_99;National Socialists;National Socialists;National Socialists;;;;;;;;;;;x;
SAL_reactionary_84;Monarchy Leadership;Monarchy Leadership;Monarchy Leadership;;;;;;;;;;;x;
SAL_anarcho_liberal_93;Radical Liberals;Radical Liberals;Radical Liberals;;;;;;;;;;;x;
SAL_communist_86;Communists;Communists;Communists;;;;;;;;;;;x;
SAL_fascist_72;Fascists;Fascists;Fascists;;;;;;;;;;;x;
SYR_ADJ;Syrian;Syrian;Syrian;;;;;;;;;;;x;
SYR;Syria;Syria;Syria;;;;;;;;;;;x;
SYR_proletarian_dictatorship;Syria;Syria;Syria;;;;;;;;;;;x;
SYR_presidential_dictatorship;Syria;Syria;Syria;;;;;;;;;;;x;
SYR_bourgeois_dictatorship;Syria;Syria;Syria;;;;;;;;;;;x;
SYR_fascist_dictatorship;Syria;Syria;Syria;;;;;;;;;;;x;
SYR_absolute_monarchy;Syria;Syria;Syria;;;;;;;;;;;x;
SYR_prussian_constitutionalism;Syria;Syria;Syria;;;;;;;;;;;x;
SYR_hms_government;Syria;Syria;Syria;;;;;;;;;;;x;
SYR_democracy;Syria;Syria;Syria;;;;;;;;;;;x;
SYR_conservative_92;Conservatives;Conservatives;Conservatives;;;;;;;;;;;x;
SYR_liberal_79;Liberals;Liberals;Liberals;;;;;;;;;;;x;
SYR_liberal_87;National Liberals;National Liberals;National Liberals;;;;;;;;;;;x;
SYR_socialist_85;Socialists;Socialists;Socialists;;;;;;;;;;;x;
SYR_socialist_99;National Socialists;National Socialists;National Socialists;;;;;;;;;;;x;
SYR_reactionary_84;Monarchy Leadership;Monarchy Leadership;Monarchy Leadership;;;;;;;;;;;x;
SYR_anarcho_liberal_93;Radical Liberals;Radical Liberals;Radical Liberals;;;;;;;;;;;x;
SYR_communist_86;Communists;Communists;Communists;;;;;;;;;;;x;
SYR_fascist_72;Fascists;Fascists;Fascists;;;;;;;;;;;x;
JOR_ADJ;Jordan;Jordan;Jordan;;;;;;;;;;;x;
JOR;Jordan;Jordan;Jordan;;;;;;;;;;;x;
JOR_proletarian_dictatorship;Jordan;Jordan;Jordan;;;;;;;;;;;x;
JOR_presidential_dictatorship;Jordan;Jordan;Jordan;;;;;;;;;;;x;
JOR_bourgeois_dictatorship;Jordan;Jordan;Jordan;;;;;;;;;;;x;
JOR_fascist_dictatorship;Jordan;Jordan;Jordan;;;;;;;;;;;x;
JOR_absolute_monarchy;Jordan;Jordan;Jordan;;;;;;;;;;;x;
JOR_prussian_constitutionalism;Jordan;Jordan;Jordan;;;;;;;;;;;x;
JOR_hms_government;Jordan;Jordan;Jordan;;;;;;;;;;;x;
JOR_democracy;Jordan;Jordan;Jordan;;;;;;;;;;;x;
JOR_conservative_92;Conservatives;Conservatives;Conservatives;;;;;;;;;;;x;
JOR_liberal_79;Liberals;Liberals;Liberals;;;;;;;;;;;x;
JOR_liberal_87;National Liberals;National Liberals;National Liberals;;;;;;;;;;;x;
JOR_socialist_85;Socialists;Socialists;Socialists;;;;;;;;;;;x;
JOR_socialist_99;National Socialists;National Socialists;National Socialists;;;;;;;;;;;x;
JOR_reactionary_84;Monarchy Leadership;Monarchy Leadership;Monarchy Leadership;;;;;;;;;;;x;
JOR_anarcho_liberal_93;Radical Liberals;Radical Liberals;Radical Liberals;;;;;;;;;;;x;
JOR_communist_86;Communists;Communists;Communists;;;;;;;;;;;x;
JOR_fascist_72;Fascists;Fascists;Fascists;;;;;;;;;;;x;
AF1_ADJ;Gbe;Gbe;Gbe;;;;;;;;;;;x;
AF1;Gbeland;Gbeland;Gbeland;;;;;;;;;;;x;
AF1_proletarian_dictatorship;Gbeland;Gbeland;Gbeland;;;;;;;;;;;x;
AF1_presidential_dictatorship;Gbeland;Gbeland;Gbeland;;;;;;;;;;;x;
AF1_bourgeois_dictatorship;Gbeland;Gbeland;Gbeland;;;;;;;;;;;x;
AF1_fascist_dictatorship;Gbeland;Gbeland;Gbeland;;;;;;;;;;;x;
AF1_absolute_monarchy;Gbeland;Gbeland;Gbeland;;;;;;;;;;;x;
AF1_prussian_constitutionalism;Gbeland;Gbeland;Gbeland;;;;;;;;;;;x;
AF1_hms_government;Gbeland;Gbeland;Gbeland;;;;;;;;;;;x;
AF1_democracy;Gbeland;Gbeland;Gbeland;;;;;;;;;;;x;
AF1_conservative_92;Conservatives;Conservatives;Conservatives;;;;;;;;;;;x;
AF1_liberal_79;Liberals;Liberals;Liberals;;;;;;;;;;;x;
AF1_liberal_87;National Liberals;National Liberals;National Liberals;;;;;;;;;;;x;
AF1_socialist_85;Socialists;Socialists;Socialists;;;;;;;;;;;x;
AF1_socialist_99;National Socialists;National Socialists;National Socialists;;;;;;;;;;;x;
AF1_reactionary_84;Monarchy Leadership;Monarchy Leadership;Monarchy Leadership;;;;;;;;;;;x;
AF1_anarcho_liberal_93;Radical Liberals;Radical Liberals;Radical Liberals;;;;;;;;;;;x;
AF1_communist_86;Communists;Communists;Communists;;;;;;;;;;;x;
AF1_fascist_72;Fascists;Fascists;Fascists;;;;;;;;;;;x;
AF2_ADJ;Ghana;Ghana;Ghana;;;;;;;;;;;x;
AF2;Ghana;Ghana;Ghana;;;;;;;;;;;x;
AF2_proletarian_dictatorship;Ghana;Ghana;Ghana;;;;;;;;;;;x;
AF2_presidential_dictatorship;Ghana;Ghana;Ghana;;;;;;;;;;;x;
AF2_bourgeois_dictatorship;Ghana;Ghana;Ghana;;;;;;;;;;;x;
AF2_fascist_dictatorship;Ghana;Ghana;Ghana;;;;;;;;;;;x;
AF2_absolute_monarchy;Ghana;Ghana;Ghana;;;;;;;;;;;x;
AF2_prussian_constitutionalism;Ghana;Ghana;Ghana;;;;;;;;;;;x;
AF2_hms_government;Ghana;Ghana;Ghana;;;;;;;;;;;x;
AF2_democracy;Ghana;Ghana;Ghana;;;;;;;;;;;x;
AF2_conservative_92;Conservatives;Conservatives;Conservatives;;;;;;;;;;;x;
AF2_liberal_79;Liberals;Liberals;Liberals;;;;;;;;;;;x;
AF2_liberal_87;National Liberals;National Liberals;National Liberals;;;;;;;;;;;x;
AF2_socialist_85;Socialists;Socialists;Socialists;;;;;;;;;;;x;
AF2_socialist_99;National Socialists;National Socialists;National Socialists;;;;;;;;;;;x;
AF2_reactionary_84;Monarchy Leadership;Monarchy Leadership;Monarchy Leadership;;;;;;;;;;;x;
AF2_anarcho_liberal_93;Radical Liberals;Radical Liberals;Radical Liberals;;;;;;;;;;;x;
AF2_communist_86;Communists;Communists;Communists;;;;;;;;;;;x;
AF2_fascist_72;Fascists;Fascists;Fascists;;;;;;;;;;;x;
AF3_ADJ;Guinea;Guinea;Guinea;;;;;;;;;;;x;
AF3;Guinea;Guinea;Guinea;;;;;;;;;;;x;
AF3_proletarian_dictatorship;Guinea;Guinea;Guinea;;;;;;;;;;;x;
AF3_presidential_dictatorship;Guinea;Guinea;Guinea;;;;;;;;;;;x;
AF3_bourgeois_dictatorship;Guinea;Guinea;Guinea;;;;;;;;;;;x;
AF3_fascist_dictatorship;Guinea;Guinea;Guinea;;;;;;;;;;;x;
AF3_absolute_monarchy;Guinea;Guinea;Guinea;;;;;;;;;;;x;
AF3_prussian_constitutionalism;Guinea;Guinea;Guinea;;;;;;;;;;;x;
AF3_hms_government;Guinea;Guinea;Guinea;;;;;;;;;;;x;
AF3_democracy;Guinea;Guinea;Guinea;;;;;;;;;;;x;
AF3_conservative_92;Conservatives;Conservatives;Conservatives;;;;;;;;;;;x;
AF3_liberal_79;Liberals;Liberals;Liberals;;;;;;;;;;;x;
AF3_liberal_87;National Liberals;National Liberals;National Liberals;;;;;;;;;;;x;
AF3_socialist_85;Socialists;Socialists;Socialists;;;;;;;;;;;x;
AF3_socialist_99;National Socialists;National Socialists;National Socialists;;;;;;;;;;;x;
AF3_reactionary_84;Monarchy Leadership;Monarchy Leadership;Monarchy Leadership;;;;;;;;;;;x;
AF3_anarcho_liberal_93;Radical Liberals;Radical Liberals;Radical Liberals;;;;;;;;;;;x;
AF3_communist_86;Communists;Communists;Communists;;;;;;;;;;;x;
AF3_fascist_72;Fascists;Fascists;Fascists;;;;;;;;;;;x;
AF4_ADJ;Senegal;Senegal;Senegal;;;;;;;;;;;x;
AF4;Senegal;Senegal;Senegal;;;;;;;;;;;x;
AF4_proletarian_dictatorship;Senegal;Senegal;Senegal;;;;;;;;;;;x;
AF4_presidential_dictatorship;Senegal;Senegal;Senegal;;;;;;;;;;;x;
AF4_bourgeois_dictatorship;Senegal;Senegal;Senegal;;;;;;;;;;;x;
AF4_fascist_dictatorship;Senegal;Senegal;Senegal;;;;;;;;;;;x;
AF4_absolute_monarchy;Senegal;Senegal;Senegal;;;;;;;;;;;x;
AF4_prussian_constitutionalism;Senegal;Senegal;Senegal;;;;;;;;;;;x;
AF4_hms_government;Senegal;Senegal;Senegal;;;;;;;;;;;x;
AF4_democracy;Senegal;Senegal;Senegal;;;;;;;;;;;x;
AF4_conservative_92;Conservatives;Conservatives;Conservatives;;;;;;;;;;;x;
AF4_liberal_79;Liberals;Liberals;Liberals;;;;;;;;;;;x;
AF4_liberal_87;National Liberals;National Liberals;National Liberals;;;;;;;;;;;x;
AF4_socialist_85;Socialists;Socialists;Socialists;;;;;;;;;;;x;
AF4_socialist_99;National Socialists;National Socialists;National Socialists;;;;;;;;;;;x;
AF4_reactionary_84;Monarchy Leadership;Monarchy Leadership;Monarchy Leadership;;;;;;;;;;;x;
AF4_anarcho_liberal_93;Radical Liberals;Radical Liberals;Radical Liberals;;;;;;;;;;;x;
AF4_communist_86;Communists;Communists;Communists;;;;;;;;;;;x;
AF4_fascist_72;Fascists;Fascists;Fascists;;;;;;;;;;;x;
SGA_ADJ;S¸dwestafrikan;German;German;;;;;;;;;;;x;
SGA;Namibia;Namibia;Namibia;;;;;;;;;;;x;
SGA_proletarian_dictatorship;S¸dwestafrika;S¸dwestafrika;S¸dwestafrika;;;;;;;;;;;x;
SGA_presidential_dictatorship;S¸dwestafrika;S¸dwestafrika;S¸dwestafrika;;;;;;;;;;;x;
SGA_bourgeois_dictatorship;S¸dwestafrika;S¸dwestafrika;S¸dwestafrika;;;;;;;;;;;x;
SGA_fascist_dictatorship;S¸dwestafrika;S¸dwestafrika;S¸dwestafrika;;;;;;;;;;;x;
SGA_absolute_monarchy;S¸dwestafrika;S¸dwestafrika;S¸dwestafrika;;;;;;;;;;;x;
SGA_prussian_constitutionalism;S¸dwestafrika;S¸dwestafrika;S¸dwestafrika;;;;;;;;;;;x;
SGA_hms_government;S¸dwestafrika;S¸dwestafrika;S¸dwestafrika;;;;;;;;;;;x;
SGA_democracy;Republic of Namibia;Namibia;Namibia;;;;;;;;;;;x;
AGA;Groﬂafrikanischer Reichsstaat;x
AGA_ADJ;Groﬂafrikanischer;x
AHG_ADJ;Azad Hind;Azad Hind;Azad Hind;;;;;;;;;;;x;
AHG;Azad Hind Government;Azad Hind Government;Azad Hind Government;;;;;;;;;;;x;
AHG_proletarian_dictatorship;Azad Hind Government;Azad Hind Government;Azad Hind Government;;;;;;;;;;;x;
AHG_presidential_dictatorship;Azad Hind Government;Azad Hind Government;Azad Hind Government;;;;;;;;;;;x;
AHG_bourgeois_dictatorship;Azad Hind Government;Azad Hind Government;Azad Hind Government;;;;;;;;;;;x;
AHG_fascist_dictatorship;Azad Hind Government;Azad Hind Government;Azad Hind Government;;;;;;;;;;;x;
AHG_absolute_monarchy;Azad Hind Government;Azad Hind Government;Azad Hind Government;;;;;;;;;;;x;
AHG_prussian_constitutionalism;Azad Hind Government;Azad Hind Government;Azad Hind Government;;;;;;;;;;;x;
AHG_hms_government;Azad Hind Government;Azad Hind Government;Azad Hind Government;;;;;;;;;;;x;
AHG_democracy;Azad Hind Government;Azad Hind Government;Azad Hind Government;;;;;;;;;;;x;
AHG_conservative_92;Conservatives;Conservatives;Conservatives;;;;;;;;;;;x;
AHG_liberal_79;Liberals;Liberals;Liberals;;;;;;;;;;;x;
AHG_liberal_87;National Liberals;National Liberals;National Liberals;;;;;;;;;;;x;
AHG_socialist_85;Socialists;Socialists;Socialists;;;;;;;;;;;x;
AHG_socialist_99;National Socialists;National Socialists;National Socialists;;;;;;;;;;;x;
AHG_reactionary_84;Reactionary Leadership;Monarchy Leadership;Monarchy Leadership;;;;;;;;;;;x;
AHG_anarcho_liberal_93;Radical Liberals;Radical Liberals;Radical Liberals;;;;;;;;;;;x;
AHG_communist_86;Communists;Communists;Communists;;;;;;;;;;;x;
AHG_fascist_72;Fascists;Fascists;Fascists;;;;;;;;;;;x;
AFG;Afghanistan;Afghanistan;Afghanistan;;Afganist·n;;;;;;;;;x;;;;
AFG_ADJ;Afghan;Afghan;Afghanisch;;Afgana;;;;;;;;;x;;;;
AFG_proletarian_dictatorship;Revolutionary Republic of Afghanistan;x
AFG_presidential_dictatorship;Republic of Afghanistan;x
AFG_bourgeois_dictatorship;Republic of Afghanistan;x
AFG_fascist_dictatorship;Islamic Emirate of Afghanistan;x
AFG_absolute_monarchy;Kingdom of Afghanistan;x
AFG_prussian_constitutionalism;Kingdom of Afghanistan;x
AFG_hms_government;Kingdom of Afghanistan;x
AFG_democracy;Republic of Afghanistan;x
PK1;Khanate of Kalat;x
PK1_ADJ;Kalat;x
PK2;Frontier Provinces;x
PK2_ADJ;Frontier;x
ITA_proletarian_dictatorship;People's Republic of Italy;x
ITA_fascist_dictatorship;Kingdom of Italy;x
ITA_absolute_monarchy;Kingdom of Italy;x
ITA_hms_government;Kingdom of Italy;x
GXI;State of Guangdong;x
GXI_ADJ;Guangdong;x
CH1;Guangxi Province;x
CH1_ADJ;Guangxi;x
CH2;Guizhou Province;x
CH2_ADJ;Guizhou;x
CH3;West Sichuan Administrative Region;x
CH3_ADJ;Sichuan;x
CH4;Jinsui Administrative Office;x
CH4_ADJ;Jinsui;x
CH5;N.R.A. 24th Army Group;x
CH5_ADJ;N.R.A.;x
CH6;N.R.A. 40th Army Group;x
CH6_ADJ;N.R.A.;x
XBI;Seihoku Homengun;x
XBI_ADJ;Seihoku;x
YNN;National Protection Army;x
YNN_ADJ;N.P.A.;x
XIN;Xinjiang Border Defense Administration;x
XIN_ADJ;Xinjiang;x
COC_ADJ;Caucasian;x
COC;Caucasian Federation;x
COC_proletarian_dictatorship;North Caucasian Soviet Republic;x
COC_fascist_dictatorship;Reichskom. Kaukasien;x
R01;Vologda;x
R01_ADJ;Vologdan;x
R02;Tatarstan;x
R02_ADJ;Tatarstani;x
R03;Vyatka;x
R03_ADJ;Vyatkan;x
R04;Komi Republic;x
R04_ADJ;Komi;x
R05;Aryan Brotherhood;x
R05_ADJ;Aryan;x
R06;Vorkuta Corrective Labor Camp;x
R06_ADJ;Vorkutan;x
R07;Thief Territory of Yugra;x
R07_ADJ;Yugran;x
R08;Free Aviators;x
R08_ADJ;Free Aviator;x
R09;Zlatoust Republic;x
R09_ADJ;Zlatoust;x
R10;Novosibirsk;x
R10_ADJ;Novosibirsk;x
R11;Siberian Black Army;x
R11_ADJ;Siberian;x
R12;Sakha Republic;x
R12_ADJ;Yakutia;x
R13;All-Russian Government of Amur;x
R13_ADJ;Amur;x
RUS;Ural League;x
RUS_ADJ;Ural;x
